<taxonx xmlns:dc="http://digir.net/schema/conceptual/darwin/core/2.0" xmlns:mods="http://www.loc.gov/mods/v3" xmlns:xsi="http://www.w3.org/2001/XMLSchema-instance">
<taxonxHeader>
<mods:mods>
<mods:titleInfo><mods:title>The Rattans of Brunei Darussalam</mods:title></mods:titleInfo>
<mods:name>Dransfield, J.</mods:name>
<mods:originInfo><mods:dateIssued>1997</mods:dateIssued>
<mods:publisher>Ministry of Industry and primary Resources, Brunei Darussalam</mods:publisher>
</mods:originInfo>
</mods:mods>
</taxonxHeader>
<taxonxBody>
<treatment type="species">
<nomenclature>
<name>Calamus amplijugus</name>
<author>J.Dransf.</author>
<citation>Kew Bull. 36: 787 (1982)</citation>
<bibref>Dransfield, Ratt. Sabah 140 (1984)</bibref>
<bibref>Dransfield, Ratt. Sarawak 156 (1992).</bibref>
</nomenclature>
<div type="introduction"></div>
<div type="etymology"><lang>Latin</lang> - broad leaflets</div>
<div type="vernacular"></div>
<div type="description">Slender to moderate clustering rattan climbing to 20 m; stem without sheaths to 10 mm diam., with sheaths to 13 mm or more diam., internodes to 25 cm long. Sheaths dull green with scattered deciduous brown scales, unarmed or, more usually, rather densely armed with horizontal pale green spines 5-18 mm long with hairy margins when young; knee conspicuous; ocrea to 10 mm. Flagellum to 2 m. Leaf ecirrate, to 65 cm; petiole absent; leaflets sub-regular to regular, to 10 on each side of the rachis, broad, spathulate, undulate and often bullate, very conspicuously 3-nerved, the lowermost 2 leaflets on each side swept back across the stem; mid leaf leaflets to 24 &#215; 7 cm, apical pair joined for c. 2/3 their length; young leaves tinged pink. Inflorescences to 2 m long with 6 or more partial inflorescences in the male, c. 3 in the female; rachillae 12-22 cm long, rather distant, bright crimson, bearing rather distant flowers. Mature fruit rounded, c. 9 mm diam., with a beak to 1 &#215; 1 mm and covered in 21 vertical rows of narrowly pointed ivorycoloured scales with dark brown tips and margins. Seed c. 6 &#215; 5 &#215; 4 mm, with shallow depressions; endosperm homogeneous. Seedling leaf with 4 broad leaflets. (Fig. 58).</div>
<div type="distribution">Known from a few collections. Elsewhere in Sarawak and Sabah, possibly also in Sumatra.</div>
<div type="biology_ecology"></div>
<div type="conservation"></div>
<div type="uses">As for C. javensis.</div>
<div type="discussion">C. amplijugus can be found in lowland dipterocarp forest in valley bottoms and hill slopes up to 700 m altitude. It may be distinguished by its usually moderate size, the &#177; regularly arranged usually bullate leaflets which are conspicuously 3-nerved and by the relatively very long rachillae. It is a most beautiful species.</div>
<div type="materials_examined">BEL: Labi, Dransfield J. 6544; Labi, Dransfield J. 6548. TEM: Amo, Stockdale 47; Amo, Stockdale 49; Amo, Kuala Belalong, Stockdale 38. Without prov.: BRUN 15124.</div>
</treatment>
</taxonxBody>
</taxonx>