<taxonx xmlns:dc="http://digir.net/schema/conceptual/darwin/core/2.0" xmlns:mods="http://www.loc.gov/mods/v3" xmlns:xsi="http://www.w3.org/2001/XMLSchema-instance">
<taxonxHeader>
<mods:mods>
<mods:titleInfo><mods:title>The Rattans of Brunei Darussalam</mods:title></mods:titleInfo>
<mods:name>Dransfiled, J.</mods:name>
<mods:originInfo><mods:dateIssued>1997</mods:dateIssued>
<mods:publisher>Ministry of Industry and primary Resources, Brunei Darussalam</mods:publisher>
</mods:originInfo>
</mods:mods>
</taxonxHeader>
<taxonxBody>
<treatment type="species">
<nomenclature>
<name>Calamus conirostris</name>
<author>Becc.</author>
<citation>Beccari, Hooker f., Fl. Br. India 6: 461 (1893)</citation>
<bibref>Beccari, Ann. Roy. Bot. Gard. Calcutta 11: 480 (1908)</bibref>
<bibref>Dransfield, Man. Ratt. Malay Pen. 186 (1979)</bibref>
<bibref>Dransfield, Ratt. Sabah 123 (1984)</bibref>
<bibref>Dransfield, Ratt. Sarawak 126 (1992)</bibref>
<synonomy>
<name>Cornera conirostris</name>
<author>(Becc.) Furtado</author>
<bibref>(Becc.) Furtado, Gard. Bull. Singapore 14: 519 (1955)</bibref>
</synonomy>
<synonomy>
<name>Calamus brachystachys</name>
<author>Becc.</author>
<bibref>Becc., Ann. Roy. Bot. Gard. Calcutta 11: 485 (1908)(in part - the other part = Calamus lobbianus)</bibref>
</synonomy>
</nomenclature>
<div type="introduction"></div>
<div type="etymology"><lang>Latin</lang> - conical beak, referring to the fruit</div>
<div type="vernacular">Uwai Pegit (Dus.), Wi Danum (Ib.)</div>
<div type="description">Moderate clustering short-stemmed rattan with stems rarely exceeding 10 m, usually much less; stem without sheaths c. 10 mm diam., with sheaths to 35 mm diam., internodes to c. 35 cm long. usually much less. Sheaths dull green, armed with dull green, horizontal or reflexed sparse to abundant spines to 30 mm long and erect very large spines to 180 mm long around the leaf sheath mouth, pale brown indumentum abundant on young sheaths; knee conspicuous; ocrea inconspicuous. Flagellum to 75 cm. Leaf curved, subcirrate, to 2.5 m long including the petiole to 50 cm; petiole sparsely armed with short lateral spines; leaflets curved, regular, rather distant, c. 35 on each side of the rachis, the largest to c. 40 &#215; 2 cm, decreasing in size towards the subcirrate tip, bristly on 3 nerves on the undersurface. Inflorescences erect or curving, c. 60 cm with 1-3 partial inflorescences only, the partial inflorescences appearing as continuations of the axis and the true axis appearing as a branch; rachillae congested; flowers relatively large, to 7 mm. Ripe fruit top-shaped, c. 30 &#215; 20 mm, tapering to a pronounced conical beak, and covered in 15 vertical rows of jet-black unchannelled scales with toothed margins. Seed ovoid, c. 15 &#215; 10 mm; endosperm ruminate. Seedling leaf not known. (Fig. 44).</div>
<div type="distribution">Widespread and locally abundant in Brunei. Elsewhere widespread throughout Borneo, local in Sumatra, rare in Peninsular Malaysia.</div>
<div type="biology_ecology"></div>
<div type="conservation"></div>
<div type="uses">Local use only.</div>
<div type="discussion">C. conirostris is found from the lowlands up to c. 900 m in the mountains; it is usually most abundant in poor ridge top forest or in forest transitional between kerangas and lowland dipterocarp forest. It is usually easily identified by its subcirrate leaf, the large spines around the leaf sheath mouth and the curious zigzag inflorescence.C. leloi can appear very similar but has an ecirrate leaf, is usually densely spiny and has a spherical rather top-shaped fruit.</div>
<div type="materials_examined">BEL: Bukit Sawat, Merangking Buau, Coode 7679; Melilas, Bt.Batu Patam, Dransfield J. 6575; Melilas, Bt.Batu Patam, Dransfield J. 6587; Melilas, Bt.Batu Patam, Dransfield J. 6590; Sungai Liang, Arboretum Reserve, Wong  945. TEM: Amo, Stockdale 17; Amo, Stockdale 46; Amo, Stockdale 67; Amo, Wong 479; Amo, Belalong, Stockdale 4; Amo, Belalong, Stockdale 8; Amo, Kerangan Meritam, BRUN 15632. Without prov.: BRUN 15093; BRUN 15341; BRUN 15399.</div>
</treatment>
</taxonxBody>
</taxonx>