<taxonx xmlns:dc="http://digir.net/schema/conceptual/darwin/core/2.0" xmlns:mods="http://www.loc.gov/mods/v3" xmlns:xsi="http://www.w3.org/2001/XMLSchema-instance">
<taxonxHeader>
<mods:mods>
<mods:titleInfo><mods:title>A Manual of the Rattans of Andaman and Nicobar Islands</mods:title></mods:titleInfo>
<mods:name>Renuka, C.</mods:name>
<mods:originInfo><mods:dateIssued>1995</mods:dateIssued>
<mods:publisher>Kerala Forest Research Institute, India</mods:publiher></mods:publisher>
</mods:originInfo>
</mods:mods>
</taxonxHeader>
<taxonxBody>
<treatment type="species">
<nomenclature>
<name>Calamus basui</name>
<author>Renuka and Vijayakumaran</author>
<citation>Rheedea 4:120. 1994</citation>
</nomenclature>
<div type="introduction"></div>
<div type="etymology"></div>
<div type="vernacular">Safed beth</div>
<div type="description">Clustering, medium diameter rattan. Stem 20 m long, with sheaths 3 cm in diameter, without sheaths 1.5 cm. Leaf 1 m long with vestigial cirrus: sheath dark green, flagellate, spiny, spines to 1 cm long, interspersed with smaller ones: knee prominent; ocrea slightly developed, petiole absent; rachis triangular towards the distal end, spiny towards the base, spines straight, recurved on the adaxial side, leaflets regular, ca. 56 x 4 cm, apical leaflet ca. 19.5 x 2.2 cm, linear lanceolate, tip, margins and midrib ciliate. Inflorescence long flagellate; primary sheaths tightly sheathing, armed with downwardly directed spines to 0.5 cm long; partial inflorescence 27 cm long; secondary sheaths 2 cm long, funnel shaped; rachillae upto 5 cm long, decreasing in length distally; involucre cup-shaped. Fruit ovoid, ca. 1.5 x 1 cm; scales in 15 vertical rows, brown with a dark brown border, deeply channelled in the middle; endosperm ruminate.</div>
<div type="distribution">Common in the evergreen forests of Little Andamans (Map. 6).</div>
<div type="biology_ecology">Flowering not known. Fruiting April - May.</div>
<div type="conservation"></div>
<div type="uses">Extensively used in furniture industry.</div>
<div type="discussion"></div>
<div type="materials_examined">4th Km Little Andaman, 13.4.1992, fr., Vijayakumaran 6634 (KFRI).</div>
</treatment>
</taxonxBody>
</taxonx>