<taxonx xmlns:dc="http://digir.net/schema/conceptual/darwin/core/2.0" xmlns:mods="http://www.loc.gov/mods/v3" xmlns:xsi="http://www.w3.org/2001/XMLSchema-instance">
<taxonxHeader>
<mods:mods>
<mods:titleInfo><mods:title>A Manual of the Rattans of Andaman and Nicobar Islands</mods:title></mods:titleInfo>
<mods:name>Renuka, C.</mods:name>
<mods:originInfo><mods:dateIssued>1995</mods:dateIssued>
<mods:publisher>Kerala Forest Research Institute, India</mods:publiher></mods:publisher>
</mods:originInfo>
</mods:mods>
</taxonxHeader>
<taxonxBody>
<treatment type="species">
<nomenclature>
<name>Calamus andamanicus</name>
<author>Kurz</author>
<citation>Journ. Asiat. Soc. Bengal 43: 211. 1877</citation>
<bibref>Beccari in Hook, f., Fl. Brit. Ind. 6: 453. 1893</bibref>
<bibref>Beccari, Ann. Roy. Bot. Card. Calcutta 11: 385, PI. 163, 164. 1908</bibref>
<bibref>Basu, Rattans in India Monogr. Rev.: 53. 1992</bibref>
</nomenclature>
<div type="introduction"></div>
<div type="etymology"></div>
<div type="vernacular">Motto, beth</div>
<div type="description">Solitary, large diameter rattan. Stem 24 m long or more, with sheaths to 8 cm in diameter, without sheaths to 4.5 cm, straw - yellow when exposed. Leaf 4 m long, cirrate; sheath slightly pale yellow, turning reddish brown, thick woody, with minute bristle like spines: spines upto 0.3 cm long, arranged in comb- like narrow crests, deciduous, mouth of the sheath with spines to 1.2 cm long; knee present; ocrea indistinct; petiole very robust, upto 5 cm broad at the base, with small spines on the margins; spines upto 0.4 cm long, often interspersed with a few smaller ones; rachis spiny along the margins and along the adaxial side at the distal end; leaflets 32-51 x 2.5-4 cm, regular, midvein prominent, lateral veins bristly on the upper surface; bristles 0.7 cm long; midvein and two lateral veins bristly on the lower surface, bristles of the midvein longer; margins with small spines; cirrus with whorls of 4-7 black tipped claws. Inflorescence erect; male inflorescence 1.25 m long, panicled: primary sheath tubular, 8-10 cm long, slightly enlarged above, the upper ones longitudinally split, sparingly armed with prickles; partial inflorescence to 80 cm long, twice branched; secondary sheaths unarmed, rachillae 2-2.5 cm long, often arched, with 15-20 bifarious flowers on each side; female inflorescence flaglliferous or not, primary sheath not tightly sheathing, armed with spines to 0.6 cm long; partial inflorescence 30 cm long: secondary sheath upper part splits open: rachillae 4-6 cm long, involucre cup-shaped. Fruit elliptic ovoid, ca. 1.4 x 0.9 cm; scales in 17 vertical rows, brown with dark brown border, slightly channelled, having an appendage of 0.3 cm long at the apex; endosperm not ruminate.</div>
<div type="distribution">In evergreen forests upto 260 m; Andaman and Nicobar Islands. (Maps 2-4).</div>
<div type="biology_ecology">Flowering November - December. Fruiting April-May.</div>
<div type="conservation"></div>
<div type="uses">Extensively used in furniture industry. Leaves are used for thatching.</div>
<div type="discussion">Much local variation is ohscrucd In the length of Infructuscence. Some of the specimens especially from Nicobar and North Andaman Islands have longjlogellate Infructuscence, while others have short non-flagellate Infructuscence. (P1.6.A).</div>
<div type="materials_examined">Kalatang, South Andamans, 5.4.88, fr., Renuka 4Q56 (KFRI); Tharmugali, Wondoor, 8.4.88, fr., Renuka 4064 (KFRI); Wumberley-gung. South Andamans, 2.4.92, fr., Vijayakumaran 6624 (KFRI) Smith island, North Andamans, 28.04.1992, fr., Vijayakumaran 6639 (KFRI); Man-narghat. South Andamans, 1.4.1993, fr., Renuka and Vijayakumaran 7032 (KFRI); Baratang Island, 1.5.1964, Thothatri 10846 (CAL); Sipighat, 25.11.1978, Basu 7067 (CAL &amp; ANC); Kamorta, Nicobar Islands, 1875 Kurz s.n. (CAL).</div>
</treatment>
</taxonxBody>
</taxonx>