<taxonx xmlns:dc="http://digir.net/schema/conceptual/darwin/core/2.0" xmlns:mods="http://www.loc.gov/mods/v3" xmlns:xsi="http://www.w3.org/2001/XMLSchema-instance">
<taxonxHeader>
<mods:mods>
<mods:titleInfo><mods:title>A Manual of the rattans of the Malay Peninsula. Malayan Forest Recirds 29.</mods:title></mods:titleInfo>
<mods:name>Dransfield, J.</mods:name>
<mods:originInfo><mods:dateIssued>1979</mods:dateIssued>
<mods:publisher>Forest Department, Ministry of Primary Industries, Malaysia</mods:publisher></mods:originInfo>
</mods:mods>
</taxonxHeader>
<taxonxBody>
<treatment type="species">
<nomenclature>
<name>Calamus castaneus</name>
<author>Griff.</author>
<citation>Calc. J. Nat. Hist. 5 (1844) 28</citation>
<bibref>Griffith in Palms Br. India (1850) 37</bibref>
<bibref>Martius in Hist. Nat. Palm. 3 (1850) 331</bibref>
<bibref>Beccari in Hook, f., Fl. Br. India 6 (1892) 440</bibref> 
<bibref>Beccari in Ann. Roy. Bot. Gafd. Calcutta 11 (1908) 145</bibref> 
<bibref>Ridley in Fl. Mai. Pen. 5 (1925) 63. (including C. castaneus var. griffithianus (Mart.)</bibref>
<bibref>Furtado in Gdns. Bull. Singapore 15 (1956) 50.)</bibref>
</nomenclature>
<div type="introduction"></div>
<div type="etymology"><lang>Lat.</lang> castaneus - chestnut-coloured, referring to the fruit colour cucor</div>
<div type="vernacular"></div>
<div type="description">Clustering undergrowth acaulescent palm showing no tendency to climb. Stem decumbent, or erect, or subterranean, rarely more than 1.5 m tall, by up to 8 cm in diameter without sheaths, with very crowded nodes. Noflagellum; no cirrus. Leaves up to about 4 m long with petiole up to 1.5 m or more. Sheath and petiole dull green armed with flattened grey, yellow-based spines, and grey-brown indumentum; spines arranged in groups, very variable in length from 2 mm to 60 mm; ligule present around leaf sheath mouth, armed with small spines. Leaflets about 30-40 on each side of the rachis, to 50 cm long by 3 cm wide, regular, rather distant dark shiny green above, dull dirty grey indumentose below, armed with scattered black bristles on lower 3 nerves, on margins and sometimes on upper surface. Inflorescences borne low on the leaf sheath the origin obscured by the leaf sheath, up to about 45 cm. Female inflorescence with up to about 15 rather stiff crowded rachillae covered with dense bracts, in fruit elongating. Flowers with pinkish to crimson bracts and petals in bud, becoming pale at flower opening. Male inflorescence more highly branched, laxer and sinuose. Ripe fruit to 25 mm long by to 18 mm wide, oblong, with pronounced beak, rich chestnut brown in colour covered in 18-27 vertical rows of scales. Endosperm homogeneous. Seedling leaf with 6 leaflets, dark green above, grey indumentose below.</div>
<div type="distribution">Kedah, Kelantan, Penang, Perak, Trengganu, Pahang, Selangor, Negri Sembilan, Malacca, Johore. South Thailand, North Sumatra.</div>
<div type="biology_ecology"></div>
<div type="conservation"></div>
<div type="uses">Cane too short to be used. Leaves used for atap, immature fruit used as cough medicine by "Orang Temuan".</div>
<div type="discussion">"Cucor" is one of the commonest palms in Malaya growing throughout the Peninsula except for Perlis. It can be found from near sea-level up to about 800 m in the mountains. It is not found in peat swamp or mangrove forest, and it seems to prefer lower hillslopes and stream sides, though in many places it will grow far from running water on level ground; it does appear to avoid sharply-drained ridgetop soils.  "Cucor" is very easily recognised by its non-climbing habit, by the grey spines with yellowish bases and by the leaflets dirty-grey indumentose below. It might be confused with C. lobbianus but the latter has much smaller leaves, strikingly chalky-white rather than dull grey below, and the inflorescences are quite different.  I can see no satisfactory difference between var. griffithianus and var. castaneus and so have included the former in the latter. The only difference (the number of rows of scales) is unsatisfactory and  the variation found in the field is without major disjunctions.</div>
<div type="materials_examined"></div>
</treatment>
</taxonxBody>
</taxonx>