﻿<taxonx xmlns:dc="http://digir.net/schema/conceptual/darwin/core/2.0" xmlns:mods="http://www.loc.gov/mods/v3" xmlns:xsi="http://www.w3.org/2001/XMLSchema-instance">
<taxonxHeader>
<mods:mods>
<mods:titleInfo>
<mods:title>The Rattans of Brunei Darussalam</mods:title>
</mods:titleInfo>
<mods:name>Dransfield, J.</mods:name>
<mods:originInfo>
<mods:dateIssued>1997</mods:dateIssued>
<mods:publisher>Ministry of Industry and primary Resources, Brunei Darussalam</mods:publisher>
</mods:originInfo>
</mods:mods>
</taxonxHeader>
<taxonxBody>
<treatment type="species">
<nomenclature>
<name>Calamus temburongii</name>
<author>J.Dransf.</author>
<citation>Rattans of Brunei, Appendix. (1997)</citation>
				<collection_event>
					<locality>Borneo, Brunei</locality>
					<type>Dransfield et al. JD6669 </type>
					<type_loc>Holotypus K; isotypus BRUN</type_loc>
				</collection_event>
</nomenclature>
<div type="introduction"></div>
<div type="etymology">Named for the type locality, Temburong</div>
<div type="vernacular">Wi Tulang (Ib.)</div>
<div type="diagnosis">bracteis inflorescentiae Sectionem Platyspatham Furtado pertinens, C. baculari et C. sabalensi affinis, sed habitu decumbenti, spinis vaginae foliorum, dispositione foliolorum et rachillis pistillatis brevibus crassis differt. </div>
<div type="description">Solitary or densely clustering acaulescent rattan; stem subterranean or decumbent, scarcely exceeding 40 cm long, c. 15-20 mm diam without sheaths, with sheaths to 30 mm diam.; internodes very short, scarcely more than 3 cm long. Leaves ecirrate, 1.8 - 3 m long; sheaths green with pale green spines when fresh, drying pale reddish brown throughout, rather densely armed with scattered and grouped flattened, narrow triangular spines, 5-23 &amp;times; 1-3 mm, held horizontally or upward-pointing, spines around the leaf sheath mouth more crowded but scarcely differing from the rest, pale brown indumentum abundant between the spines; petiole 70 - 150 cm long, c. 7 mm wide near the base, armed basally with two rows of evenly spaced, conspicuous flattened, pale brown spines 25-45 mm long, c. 2-3 mm wide at the base, c. 2 - 4 cm distant, and scattered much shorter spines, distally the petiole only very sparsely armed; rachis somewhat arcuate, &amp;plusmn; unarmed, bearing 21-28 somewhat divaricate regularly spaced leaflets on each side, the longest to 45 &amp;times; 2.5 cm in mid leaf, the apical leaflets to 20 &amp;times; 1.3 cm, leaflets conspicuously 3-veined on upper surface, sparsely armed with short bristles along the main vein on the under surface only, transverse veinlets sinuous. Inflorescences staminate and pistillate superficially similar, the staminate branching to 3 orders (and known only in mummified state), the pistillate branching to two orders and with 2 partial inflorescences only; peduncle arcuate, c. 80 cm long; prophyll c. 60 &amp;times; 0.4-0.5 cm, with short narrow lanceolate flattened limb 11-20 &amp;times; 1.8-2.2 cm, unarmed throughout; peduncular bracts much shorter, split down much of their length, the flattened limb to 13 &amp;times; 1.5 cm; staminate partial inflorescence to 12 cm, staminate rachillae very poorly preserved; pistillate partial inflorescence to 23 cm, with up to 6 or 7 distichous rachillae on each side of the first order branch; bracts on first order branch 7&amp;times;3 mm tubular, truncate, unarmed, bearing thin brown indumentum; rachillae reflexed, the longest at the base of the partial inflorescence, usually not exceeding 1.5 cm but sometimes to 5 cm, 2 mm diam., bearing strictly distichous dyads; rachilla bracts strictly distichous, crowded, triangular, striate to 2.5 &amp;times; 2.5 mm, drying with slightly undulate margins, the abaxial surface with scattered brown scales; involucrophore and involucre similar to rachilla bract, scarcely explanate. Sterile staminate flower bud c. 3 &amp;times; 2 mm; calyx to 3 &amp;times; 2 mm, striate, glabrous, tubular in the basal 2.5 mm; petals smooth, c. 2 &amp;times; 1 mm; staminodes 1&amp;times; 0.2 mm. Pistillate flower just post anthesis to 5 &amp;times; 3 mm; calyx to 3 &amp;times; 3 mm, tubular in the basal 1.5 mm, with three triangular lobes, striate, glabrous; petals smooth, glabrous, to 4&amp;times;1.5 mm; staminodal ring to 1 mm; ovary cylindrical to 2.5 &amp;times; 2, stylar region 2 &amp;times; 2 mm, stigmas reflexed to 2 &amp;times; 0.5 mm. Immature fruit rounded, c. 5 mm diam., with a conspicuous cylindrical beak to 2 &amp;times; 1 mm, tipped with the stigmatic remains; pericarp covered in c. 17 vertical rows of shiny chestnut brown scales. Seed very immature, with homogeneous endosperm.</div>
<div type="distribution">Known only from Temburong where it is a common rattan of the forest undergrowth at Kuala Belalong. Endemic to Brunei.</div>
<div type="biology_ecology"></div>
<div type="conservation"></div>
<div type="uses">Not known.</div>
<div type="discussion">Calamus temburongii is very characteristic of the lower slopes of the hills around Kuala Belalong on the Temburong River. It resembles C. bacularis Becc. and C. sabalensis J. Dransf. of Sarawak but differs in its decumbent stems, sheath armature, leaflet arrangement and short thick pistillate rachillae. Like the other new species described here, it belongs to a group of closely similar rattans known locally as "wi tulang".</div>
<div type="materials_examined">BORNEO: Brunei Darussalam, Temburong, Amo, K. Belalong, Dransfield et al. JD6669 (Holotype K; isotype BRUN), JD7066 (BRUN, K), JD6671 (BRUN, K); K. Belalong, Jalan Tengah, Stockdale 15 (BRUN, K), Stockdale 60 (BRUN, K).</div>
</treatment>
</taxonxBody>
</taxonx>