﻿<taxonx xmlns:dc="http://digir.net/schema/conceptual/darwin/core/2.0" xmlns:mods="http://www.loc.gov/mods/v3" xmlns:xsi="http://www.w3.org/2001/XMLSchema-instance">
<taxonxHeader>
<mods:mods>
<mods:titleInfo>
<mods:title>The Rattans of Brunei Darussalam</mods:title>
</mods:titleInfo>
<mods:name>Dransfield, J.</mods:name>
<mods:originInfo>
<mods:dateIssued>1997</mods:dateIssued>
<mods:publisher>Ministry of Industry and primary Resources, Brunei Darussalam</mods:publisher>
</mods:originInfo>
</mods:mods>
</taxonxHeader>
<taxonxBody>
<treatment type="species">
<nomenclature>
<name>Calamus myriacanthus</name>
<author>Becc.</author>
<citation>Rec. Bot. Surv. India 2: 214 (1902)</citation>
<bibref>Beccari, Ann. Roy. Bot. Gard. Calcutta 11: 250</bibref>
<bibref>Dransfield, Kew Bull. 45: 80 (1990)</bibref>
<bibref>Dransfield, Ratt. Sarawak 135 (1992)</bibref>
<synonomy>
<name>Calamus hewittianus</name>
<author>Becc.</author>
<bibref>Becc., Ann. Roy. Bot. Gard. Calcutta 11 (Suppl.): 45 (1913)</bibref>
</synonomy>
<synonomy>
<name>Calamus jaherianus</name>
<author>Becc.</author>
<bibref>Becc., Ann. Roy. Bot. Gard. Calcutta 11 (Suppl.): 46 (1913)</bibref>
</synonomy>
</nomenclature>
<div type="introduction"></div>
<div type="etymology"><lang>Greek</lang>- countless spines</div>
<div type="vernacular">Uwai Jimpalak (Dus.), Wi Tulang (Ib.)</div>
<div type="description">Solitary erect rattan, rarely &amp;ldquo;stemless&amp;rdquo;, usually up to c. 3 m tall, rarely longer. Stem without sheaths c. 2 cm diam., with sheaths to 4.5 cm diam., internodes short, rarely exceeding 5 cm. Sheaths bright green, armed particularly along the margins with crowded long black or brown spines, 8 cm long, the middle part of the back of the sheath usually quite unarmed or armed with very sparse much smaller spines, spines around sheath mouth much longer, often almost papery, to 10 cm, &#177; erect; knee absent; ocrea usually inconspicuous. Flagellum absen. Leaf ecirrate to 2.5 m including petiole to 1 m; petiole armed with spines to 4 cm long along the margins and mid line; leaflets rarely more than 10 on each side of the rachis, distant, &#177; opposite, usually broad lanceolate, &#177; plicate, cucullate, the longest to 45 &#215; 9 cm, very sparsely armed, transverse veinlets conspicuous. Inflorescence to 2 m long with few distant partial inflorescences; bracts tubular, only slightly inflated, scarcely expanded, &#177; unarmed; partial inflorescences to 40 cm long; male rachillae 4-30 mm long; female rachillae to 80 mm long. Mature fruit rounded, relatively small, c. 5 mm diam., conspicuously beaked, covered in c. 16 vertical rows of reddish-brown scales. Seed rounded; endosperm homogeneous. Seedling leaf not known. (Fig. 49).</div>
<div type="distribution">Scattered throughout the State. Elsewhere in Sarawak and Kalimantan. Endemic to Borneo.</div>
<div type="biology_ecology"></div>
<div type="conservation"></div>
<div type="uses">Used for walking-sticks and the framework of baskets; shoot is said to be edible.</div>
<div type="discussion">C. myriacanthus is particularly common in kerangas forest and forest on poor soils. In its typical form it is easily identified.</div>
<div type="materials_examined">BEL: Sungai Liang, Andulau F.R, Wong 491. TUT: Rambai, Sg.Medit, Simpson 2535; Rambai, Tasek Merimbun, Bernstein 245.</div>
</treatment>
</taxonxBody>
</taxonx>