﻿<taxonx xmlns:dc="http://digir.net/schema/conceptual/darwin/core/2.0" xmlns:mods="http://www.loc.gov/mods/v3" xmlns:xsi="http://www.w3.org/2001/XMLSchema-instance">
<taxonxHeader>
<mods:mods>
<mods:titleInfo><mods:title>The Palms of Madagascar</mods:title></mods:titleInfo>
<mods:name>Dransfield, J and Beentje, H.</mods:name>
<mods:originInfo>
<mods:dateIssued>1995</mods:dateIssued>
<mods:publisher>Royal Botanic Gardens, Kew and The International Palm Society</mods:publisher>
</mods:originInfo>
</mods:mods>
</taxonxHeader>
<taxonxBody>
<treatment type="species">
<nomenclature>
<name>Dypsis angusta</name>
<author>Jum.</author> 
<citation>Ann. Inst. Bot.-G&#233;ol. Colon. Marseille s&#233;r. 3, 6 (1): 34 (1918)</citation>
<bibref>Jumelle, Bull. Acad. Malgache 6: 12 (1923)</bibref>
<bibref>Jumelle, Cat. Pl. Madagascar, Palmae: 12 (1938)</bibref>
<bibref>Jumelle, &amp; H. Perrier, Fl. Madagascar 30: 43 (1945)</bibref>
<collection_event>
<locality>Mananjary, Mt Vatovavy, Aug. 1915</locality>
<type>Perrier 11976</type>
<type_loc>(holotype P)</type_loc>
</collection_event>
</nomenclature>
<div type="introduction">This is a small palm of the undergrowth of low crown forest occurring on the isolated peak of Vatovavy, at the edge of the coastal plain south of Mananjary. We refound it in November 1994. The Latin name means narrow, presumably in reference to the narrow leaflets.</div>
<div type="etymology"></div>
<div type="vernacular">Not recorded.</div>
<div type="description">Slender clustering undergrowth palm. STEMS to 2 m or more tall, 5-10 mm diam., internodes to 9 cm long near the stem base, decreasing to 0.8-1.2 cm long near the crown, basally bearing abundant chocolate-brown caducous scales, glabrescent distally; crown with c. 4-6 leaves; leaf-sheaths 5-7 cm long, forming a crownshaft, striate, covered with caducous chocolate-brown scales, auricles scarcely developed or to 10 x 2 mm, membranous. LEAF to 43 cm long including petiole; petiole 3-12 cm long, 1.5-3 mm wide, &#177; triangular in cross-section, bearing sparse caducous pale and chocolate-brown scales; rachis 10-29 cm long, bearing 2-3 or 7-9 (see notes below) narrow, &#177; approximate, regularly arranged leaflets on each side; leaflets 9-30 x 0.7-2.1 cm, drying dark or pale Dypsis angusta. Inflorescence, Vatovavy (Dransfield &amp; Beentje JD7514) greenish brown, composed of 1-4 folds, acuminate, adaxially with sparse minute punctiform scales, abaxially minutely roughened and with scattered punctiform scales. INFLORESCENCE interfoliar, shorter than the leaves, sparsely branched to 1 (-2) orders, basal 1 or 2 first order branches sometimes branched; peduncle 7-18 cm long, c. 2.5 mm diam., densely covered in caducous, dark brown laciniate scales; prophyll 12-16 x 0.7-1cm, bearing scattered pale or dark brown scales; peduncular bract 8-10 x 0.7-1 cm, similar to prophyll; rachis 4-9 cm long, c. 2.5 mm diam., densely scaly as the peduncle; rachillae 2-20, rather short and stocky, 2-7 cm long, c. 1.5-2.5 mm diam. bearing rather dense chocolate-brown scales; triads c. 1 mm distant in newly emerged inflorescence, eventually c. 3 mm distant. STAMINATE FLOWERS c. 1 mm diam.; sepals broad, rounded, imbricate, somewhat striate, c. 0.7 x 0.7 mm; petals rounded triangular, 1 x 0.8 mm; stamens 3, antepetalous, filaments 0.8 x 0.3 mm, anthers 0.4 x 0.2 mm; staminodes tooth-like, 0.3 x 0.2 mm; pistillode very small. PISTILLATE FLOWER bud immature, c. 1 x 1 mm; sepals rounded, imbricate, c. 1 x 1 mm; petals triangular, c. 1 x 0.6 mm; staminodes 3, minute; immature ovary c. 0.4 mm diam. Mature FRUIT unknown.</div>
<div type="distribution">East Coast, only known from the Ifanadiana area and Farafangana.</div>
<div type="biology_ecology">Rain forest; 45-500 m.</div>
<div type="conservation">Endangered. Only known from three sites, in which population numbers are low. None of these sites is protected.</div>
<div type="uses">Not recorded.</div>
<div type="discussion">The type, Perrier 11976, from Vatovavy, has leaves with two to three leaflets on each side of the rachis. A recent collection from Vatovavy (Dransfield et al. JD7514) has an inflorescence larger than that of the type and with up to 20 rachillae. Collections made at Manombo (Beentje 4511) have eight to nine pairs of leaflets. We are including the latter collection in D. angusta because of the manifest similarities in inflorescence structure and leaf texture and colour. All four collections cited are from the central part of the east coast, yet they are rather heterogeneous, and we are not completely certain that they all represent one species. Until more material is collected this will remain a poorly known species.</div>
<div type="materials_examined">Mananjary: Mt. Vatovavy, Aug. 1911 (fl.buds), Perrier 11976 (holotype P); idem, Nov. 1994 (fl.), Dransfield et al. JD7514 (K, TAN). Farafangana: Manombo Reserve Special, Nov. 1991 (dead infl.), Beentje 4511 (K, TAN). Fianarantsoa: Amfamahirana, Nov. 1963 (fl.), Bosser 18300 (K, P). (Plate: see next page).</div>
</treatment>
</taxonxBody>
</taxonx>