﻿<taxonx xmlns:dc="http://digir.net/schema/conceptual/darwin/core/2.0" xmlns:mods="http://www.loc.gov/mods/v3" xmlns:xsi="http://www.w3.org/2001/XMLSchema-instance">
<taxonxHeader>
<mods:mods>
<mods:titleInfo><mods:title>A Manual of the rattans of the Malay Peninsula. Malayan Forest Recirds 29.</mods:title></mods:titleInfo>
<mods:name>Dransfield, J.</mods:name>
<mods:originInfo><mods:dateIssued>1979</mods:dateIssued>
<mods:publisher>Forest Department, Ministry of Primary Industries, Malaysia</mods:publisher></mods:originInfo>
</mods:mods>
</taxonxHeader>
<taxonxBody>
<treatment type="species">
<nomenclature>
<name>Calamus filipendulus  Becc.</name>
<author>Becc.</author>
<citation>in Hook, f., Fl. Br. Ind. 6 (1892) 443</citation>
<bibref>Beccari, Ann. Roy. Bot. Card. Calcutta 11 (1908) 188</bibref>
<bibref>Ridley in Fl. Mai. Pen. 5 (1925) 51</bibref>
<bibref>Furtado in Gdns. Bull. Singapore 15 (1956) 196</bibref>
<synonomy>
<name>Calamus pauciflorus</name>
<author>Ridley</author>
<bibref>Ridley, Fl. Mai. Pen. 5 (1925)57</bibref>
</synonomy>
</nomenclature>
<div type="introduction"></div>
<div type="etymology"><lang>Lat.</lang>, filum - thread, pendulus - hanging, referring, perhaps, to the long narrow inflorescence</div>
<div type="vernacular">rotan batu</div>
<div type="description">Slender, clustering, low rattan rarely more than 5 m tall. Stem to 6 mm in diameter without sheaths, with internodes to 12 cm long; stem with sheaths to 1.3 cm. Sheaths dark green, with scattered triangular, brown-tipped spines to 5 mm long, these occasionally joined at their bases, and red-brown indumentum, this quickly falling; knee present. Flagellum to 2 m long. Leaf to 1 m long, usually less, ecirrate; petiole to 10 cm long very sparsely armed with reflexed spines. Leaflets 6-8 in number, disproportionately large; apical pair joined for a third of their length, others &#177; regularly arranged, &#177; equal in size, to &#177; 30 cm long by 8 cm wide, dark green cucullate, with inconspicuous marginal bristles. Inflorescences female and male superficially similar 2.3 m long, bearing 4-5 small, distant, slender partial inflorescences, branching 1-2 times in female, 1-3 times in male, with bracts covered with minute scabrid hairs. Open flowers greenish yellow. Mature fruit top-shaped, to 14 mm long by 9 mm in diameter near the base, gradually narrowing to the pronounced cylindrical beak; white to straw coloured, covered in 13 vertical rows of scales with conspicuous dark margins. Seed ovate to top shaped, flattened on one lateral face deeply and coarsely sinuouse-grooved. Endosperm homogeneous.</div>
<div type="distribution">Perak, Pahang, Selangor: Endemic.</div>
<div type="biology_ecology"></div>
<div type="conservation"></div>
<div type="uses">Apparently a good cane, but lengths are likely to be short because of the low stature of the rattan. The name "rotan batu" is the same as that given to C. insignis.</div>
<div type="discussion">This is a very distinctive rattan in its disproportionately large leaflets and pale top-shaped fruit. One specimen from Selangor (Phytochemical Survey of Malaya No. 1649) has rather finely divided inflorescences with long rachillae, which are atypical. This might represent a distinct variety but until more material is available, no decision on its status can be made.
In Tapah Hills Forest Reserve, Calamus filipendulus grows on lower hillslopes near valley bottoms in humid hill Dipterocarp forest. This is apparently a very local rattan.</div>
<div type="materials_examined"></div>
</treatment>
</taxonxBody>
</taxonx>