﻿<taxonx xmlns:dc="http://digir.net/schema/conceptual/darwin/core/2.0" xmlns:mods="http://www.loc.gov/mods/v3" xmlns:xsi="http://www.w3.org/2001/XMLSchema-instance">
<taxonxHeader>
<mods:mods>
<mods:titleInfo><mods:title>Rattans (canes) in India. A Monographic Revision</mods:title></mods:titleInfo>
<mods:name>Basu, Shyamal K.</mods:name>
<mods:originInfo><mods:dateIssued>1992</mods:dateIssued>
<mods:publisher>Forest Research Institute, Malaysia</mods:publisher>
</mods:originInfo>
</mods:mods>
</taxonxHeader>
<taxonxBody>
<treatment type="species">
<nomenclature>
<name>Calamus gamblei</name>
<author>Becc.</author>
<citation>in Hook. f. Fl. Brit. Ind. 6 : 453. 1893</citation>
<bibref>Beccari, Ann. Roy. Bot. Gard. Calcutta 11 : 316. 1908 and Appendix PI. 123. 1913.</bibref>
</nomenclature>
<div type="introduction"></div>
<div type="etymology"></div>
<div type="vernacular"></div>
<div type="description">A moderately strong climber; stem cluster forming, without sheath bright yellow in colour, 1.5 cm in diameter. Leaves ecirrate; leafsheath with prominent knee and flagellum, light green to yellowish green in colour, densely armed with non-seriate, stiff, bulbous-based spines; leaflets ensiform, alternate, acuminate, to 50 cm long, 2 - 2.5 cm broad at middle, ciliate at apices, bristly on upper and lower nerves; petiole armed with straigth, subulate spines; rachis with conspicuous bulbous based curved spines. Inflorescence flagelliform, 3 m or more long; axial part of inflorescence digitately clawed at intervals; male partial inflorescences to 150 cm long; primary bract armed with 1 cm long straight spines; male rachillae 8 - 10 cm long, attached above the mouth of the respective basal bracts; female partial inflorescences attached high above the mouth of the respective basal bracts; each 25 - 30 cm long; involucrophorum in female rachilla outside its own bract, distinctly pedicelliform; involucre discoid, almost flat; female flowers in 2 series, 5 mm long, each pointed upward. Fruit ovoid, tapering at base, 20 - 25 mm x 18 mm; fruit scales swollen outside, shining, pale yellow, with deep channel at middle, arranged in 21 longitudinal series; endosperm ruminate; embryo basal.</div>
<div type="distribution">INDIA (Tamil Nadu, Kerala, Karnataka). Endemic.</div>
<div type="biology_ecology">In moist forests of the Western Ghats mostly at 600-2000 m. Common in the Nilgiri Hills.</div>
<div type="cultivation">Cultivated in trial plots of the Kerala Forest Research Institute, Peechi, Kerala.</div>
<div type="conservation"></div>
<div type="uses">The glossy yellow cane is largely used for making furniture.</div>
<div type="discussion"></div>
<div type="materials_examined">Tamil Nadu : Nilgiri, Makurti forest, 5000 ft. June 1884. Gamble 14405 (CAL); Kerala: Kottayam, Old Devicolam, 25.1.1964, Sebastine 18474 (MH); Upper Vegavurrai, 25.4.1966. Shetty 27375 (MH); Trivendrum, Benacord Estate forest, 9.10.1973. Joseph 44647 (MH). Karnataka : Chikmagalur, Kudremukh 1450 m, 25.2.1984. Vajravelu 77850 (MH); Coorg, Pallekunde, 18.2.1980. Vajravelu 77794 (MH).</div>
</treatment>
</taxonxBody>
</taxonx>