﻿<taxonx xmlns:dc="http://digir.net/schema/conceptual/darwin/core/2.0" xmlns:mods="http://www.loc.gov/mods/v3" xmlns:xsi="http://www.w3.org/2001/XMLSchema-instance">
<taxonxHeader>
		<mods:mods>
		<mods:titleInfo><mods:title>The Palms of Madagascar</mods:title></mods:titleInfo>
		<mods:name>Dransfield, J and Beentje, H.</mods:name>
		<mods:originInfo>
			<mods:dateIssued>1995</mods:dateIssued>
			<mods:publisher>Royal Botanic Gardens, Kew and The International Palm Society</mods:publisher>
		</mods:originInfo>
		</mods:mods>
</taxonxHeader>
<taxonxBody>
<treatment type="species">
<nomenclature>
<name>Dypsis brevicaulis</name>
<author>(Guillaumet) Beentje &amp; J. Dransf.</author>
<citation>Palms of Madagascar: 323 (1995)</citation>
<synonomy>
<name>Neophloga brevicaulis</name>
<author>Guillaumet</author>
<first_desc>Guillaumet, Adansonia s&#233;r.2, 13 (3): 343, figs. 1-2 (1973)</first_desc>
<collection_event>
					<locality>Madagascar, Analalava forest N of Manantenina</locality>
					<type>Guillaumet 4003b</type>
					<type_loc>(Holotype P; isotype K)</type_loc>
				</collection_event>
</synonomy>
</nomenclature>
<div type="introduction">The leaves of this species appear to come directly from the ground, but there is a small underground stem. The Latin name means 'short-stemmed'.</div>
<div type="etymology"></div>
<div type="vernacular">Not recorded.</div>
<div type="description">Solitary (?) dwarf palm, almost acaulescent (Humbert 20671 has "suffrutex 1 m"). STEM largely underground, 5-15 cm, 0.9-2 cm diam. LEAVES 5-8, entire; sheath 7-11 cm long, densely covered with reddish scales but glabrescent, with 2 small auricles, almost open in outermost leaves, then with ragged margins; petiole 0-8 cm long, 2-2.5 mm diam., adaxially flat, abaxially concave, withscattered scales; lamina narrowly triangular, 28-150 x 2.7-4.5 cm, with attenuate base, with c. 4 main veins on each side, adaxially with the proximal part of the midrib scaly, abaxially with the midrib scaly, and with minute scattered scales all over, lobed for 3.5-12 cm, the lobes 1.6-2 cm wide and with rather narrow, dentate apex, the outside margin also with one or two indistinct teeth at 6-10 cm from the apex. INFLORESCENCE unbranched or rarely branched into 2 rachillae; peduncle c. 13 cm; prophyll c. 13 x 0.3 cm; peduncular bract not seen; rachilla 9-17 cm, c. 1 mm diam., lepidote, with 60-80 triads, these protrandrous; rachilla bract wide, concave, rounded-triangular. STAMINATE FLOWERS with keeled sepals 1.3-1.5 x 1-1.2 mm, acute, slightly gibbous; petals 2-2.2 x 1.2 mm, ovate, acute; stamens 6, didymous, biseriate, the antepetalous inserted 0.2-0.5 mm higher up, filaments 0.8-0.9 x 0.3 mm, anthers c. 0.4 x 0.6 mm; pistillode 0.8 x 0.5 mm, club-shaped. PISTILLATE FLOWERS with cucullate sepals; petals ovate, staminodes 6, very short at the base of an oblong ovary, this trigonous, with connivent stigmas. FRUIT unknown.</div>
<div type="distribution">East Coast just N of Manantenina and Manafiafy/Sainte-Luce.</div>
<div type="biology_ecology">Evergreen forest on white sand or laterite; 1-700 m.</div>
<div type="conservation">Critical. Only known from three sites; numbers are extremely low (less than twentyhave been seen) and forests in the area are under threat from shifting cultivation and proposed ilmenite mining operations.</div>
<div type="uses">Not recorded.</div>
<div type="discussion">This species has most distinctive long, narrow leaves.</div>
<div type="materials_examined">Tolanaro: Analalava forest, Dec. 1971 (fl.), Guillaumet 4003b (K, P, type); Mt Vohimavo, N. of Ampasimena, March 1947 (old infl.), Humbert 20671 (K, P); St. Luce forest, March 1992 (ster.), Beentje &amp; Andriampaniry 4610 (K, TAN).</div>
</treatment>
</taxonxBody>
</taxonx>