﻿<taxonx xmlns:dc="http://digir.net/schema/conceptual/darwin/core/2.0" xmlns:mods="http://www.loc.gov/mods/v3" xmlns:xsi="http://www.w3.org/2001/XMLSchema-instance">
<taxonxHeader>
<mods:mods>
<mods:titleInfo>
<mods:title>The Rattans of Brunei Darussalam</mods:title>
</mods:titleInfo>
<mods:name>Dransfield, J.</mods:name>
<mods:originInfo>
<mods:dateIssued>1997</mods:dateIssued>
<mods:publisher>Ministry of Industry and primary Resources, Brunei Darussalam</mods:publisher>
</mods:originInfo>
</mods:mods>
</taxonxHeader>
<taxonxBody>
<treatment type="species">
<nomenclature>
<name>Calamus scipionum</name>
<author>Lour.</author>
<citation>Fl. Cochinch. 210 (1790)</citation>
<bibref>Beccari, Rec. Bot. Surv. India 2: 215 (1902)</bibref>
<bibref>Beccari, Ann. Roy. Bot. Gard. Calcutta 11: 317 (1908)</bibref>
<bibref>Dransfield, Man. Ratt. Malay Pen. 203 (1979)</bibref>
<bibref>Dransfield, Ratt. Sabah 150 (1984)</bibref>
<bibref>Dransfield, Ratt. Sarawak 166 (1992)</bibref>
</nomenclature>
<div type="introduction"></div>
<div type="etymology"><lang>Latin</lang> - a walking-stick</div>
<div type="vernacular">Rotan Semambu (Mal.)</div>
<div type="description">Robust clustering rattan climbing to great heights, often to 50 m or more; stems without sheaths c. 25 mm diam., sometimes to 35 mm, with prominent nodes and slightly uneven in cross section, with sheaths to 50 mm diam., internodes very long, sometimes exceeding 100 cm. Sheaths mid to dark green, armed with large triangular flattened yellowish-based black spines to 5 cm, often partly grouped, and abundant deciduous grey indumentum; knee conspicuous; ocrea short, soon tattering. All parts drying dark brown or black. Flagellum robust, frequently exceeding 7 m, armed with black spines. Leaf ecirrate to c. 2 m including petiole to 30 cm; leaflets c. 25 on each side of the rachis, regularly arranged, the proximal to 40 &#215; 3 cm and distal to 20 &#215; 3 cm, dull green and rather neatly curved, bristly only at the tip. Inflorescence to 6 m or more, with c. 7 partial inflorescences often to 1.5 m long, the male more highly branched than the female, female rachillae slender, reflexed. Ripe fruit ovoid to 14 &#215; 9 mm, with a short beak and covered with 14- 15 vertical rows of dull green scales. Seed ovoid c. 10 &#215; 5 mm with scattered shallow pits, endosperm homogeneous. Seedling leaf with 4 leaflets arranged in a fan. (Fig. 60).</div>
<div type="distribution">Local in the lowlands of Brunei. Elsewhere throughout Borneo, Sumatra, Peninsular Malaysia, S Thailand and Palawan.</div>
<div type="biology_ecology"></div>
<div type="conservation"></div>
<div type="uses">An excellent cane, the source of true Malacca canes.</div>
<div type="discussion">C. scipionum is most frequent on good alluvial soils in the lowlands up to c. 500 m altitude; it is apparently tolerant of considerable disturbance, being one of the few rattans of secondary habitats. The large size, ecirrate leaf and long flagella distinguish C. scipionum from all other Sarawak rattans except for C. ornatus var. ornatus. The latter has a subcirrate leaf - the apical leaflets are very small and very widely spaced - in marked contrast to the strictly ecirrate leaf of C. scipionum. Although the seedling leaves are so different, it is often difficult to determine young saplings.</div>
<div type="materials_examined">BEL: Labi, Kpg.Labi, Dransfield J. 7289. Without prov.: BRUN 15202.</div>
</treatment>
</taxonxBody>
</taxonx>