﻿<taxonx xmlns:dc="http://digir.net/schema/conceptual/darwin/core/2.0" xmlns:mods="http://www.loc.gov/mods/v3" xmlns:xsi="http://www.w3.org/2001/XMLSchema-instance">
<taxonxHeader>
<mods:mods>
<mods:titleInfo><mods:title>Rattans (canes) in India. A Monographic Revision</mods:title></mods:titleInfo>
<mods:name>Basu, Shyamal K.</mods:name>
<mods:originInfo><mods:dateIssued>1992</mods:dateIssued>
<mods:publisher>Forest Research Institute, Malaysia</mods:publisher>
</mods:originInfo>
</mods:mods>
</taxonxHeader>
<taxonxBody>
<treatment type="species">
<nomenclature>
<name>Calamus nagbettai</name>
<author>Fernandez &amp; Dey</author>
<citation>Indian Forester 96: 223. 1970</citation>
</nomenclature>
<div type="introduction"></div>
<div type="etymology"></div>
<div type="vernacular">Nag betta, Nag bet, Nag betha.</div>
<div type="description">A robust climber; stem cluster forming, without leafsheath to 3 cm in diameter, smooth, often marked with distinct black blotches near about the base. Leaves curate, with cirrus about 5 m long; cirrus 2.5 m long, armed with 7-8 pointed claws; leafsheath often scurfy outside, armed with 2 - 3 cm long black, flattened, subulate, reflexed spines, intermingled with short bristles; petiole armed with laterally confluent, flat, subulate spines; rachis armed on dorsal side with greyish black hooks and upwardly bent marginal spines; leaflets numerous, ensiform, opposite to sub-opposite or alternate, to 30 cm long, 1.5- 1.7cm broad at middle, filiform at spices, spinulose at margins, prominently 1-nerved at middle, armed on both sides with bulbous based deep brown bristles. Inflorescence non-flagelliform; primary bract armed with reflexed to recurved spines and small claws. Fruits ovoid, oblong, 11-15 mm x 9 mm; fruit scales wedge shaped, in 17 -18 series, channelled at middle, hyaline, lacerated along brown band; seed oblong, piano convex, 9x6 mm, rugose on convex side; endosperm shallowly ruminate.</div>
<div type="distribution">INDIA (Karnataka). Endemic.</div>
<div type="biology_ecology">Infrequent in the moist forest of Kodagu District at 450 m.</div>
<div type="cultivation">Experimental cultivation exists in the Kodagu forest range.</div>
<div type="conservation"></div>
<div type="uses">Cane is strong and durable and used by the local people for making baskets.</div>
<div type="discussion"></div>
<div type="materials_examined">Karnataka : South Kanara, Coorg, 10.2.1966 Dey 64 (DD); Mangalore, May, 1967, Fernandez 4579 A (DD).</div>
</treatment>
</taxonxBody>
</taxonx>