﻿<taxonx xmlns:dc="http://digir.net/schema/conceptual/darwin/core/2.0" xmlns:mods="http://www.loc.gov/mods/v3" xmlns:xsi="http://www.w3.org/2001/XMLSchema-instance">
<taxonxHeader>
<mods:mods>
<mods:titleInfo><mods:title>A Manual of the rattans of the Malay Peninsula. Malayan Forest Recirds 29.</mods:title></mods:titleInfo>
<mods:name>Dransfield, J.</mods:name>
<mods:originInfo><mods:dateIssued>1979</mods:dateIssued>
<mods:publisher>Forest Department, Ministry of Primary Industries, Malaysia</mods:publisher></mods:originInfo>
</mods:mods>
</taxonxHeader>
<taxonxBody>
<treatment type="species">
<nomenclature>
<name>Calamus insignis Griff. var.robustus (Becc.) Dransfield</name>
<author>(Becc.) Dransfield</author>
<citation>Malay. Forester 41 (1978) 342</citation>
<synonomy>
<name>Calamus spathulatus var. robustus Becc.</name>
<author>Becc.</author>
<first_desc>Becc. in Hook, f., Fl. Br. India 6 (1893) 459</first_desc>
<bibref>Beccari, in Ann. Roy Bot Card Calcutta 11 (1908) 362</bibref>
<bibref>Furtado in Gdns. Bull. Singapore 15 (1956) 194</bibref>
</synonomy>
</nomenclature>
<div type="introduction"></div>
<div type="etymology"></div>
<div type="vernacular"></div>
<div type="description">Differs from var. insignis in the larger size of all parts and the remarkable large upward pointing spines on the leaf sheath. Stem without sheaths to 8 mm with to 2 cm. Sheaths dull green rather densely armed with upward pointing spines to 1 cm in length, without bulbous bases. Leaf to 1.2 m long with 5 pairs of dark green leaflets, the terminal pair usually joined along Vi their length; longest leaflet to 45 cm long by 1 cm wide, cucullate, with rather fine lateral veins.</div>
<div type="distribution">Perak: endemic.</div>
<div type="biology_ecology"></div>
<div type="conservation"></div>
<div type="uses">As for C. insignis var. insignis.</div>
<div type="discussion">This variety which seems to be distinct, is only known from a few collections from Perak. The specimen collected by Ridley from Johore quoted by Furtado, is in my opinion a well-grown plant of C. insignis var. insignis.</div>
<div type="materials_examined"></div>
</treatment>
</taxonxBody>
</taxonx>