﻿<taxonx xmlns:dc="http://digir.net/schema/conceptual/darwin/core/2.0" xmlns:mods="http://www.loc.gov/mods/v3" xmlns:xsi="http://www.w3.org/2001/XMLSchema-instance">
<taxonxHeader>
<mods:mods>
<mods:titleInfo><mods:title>A Manual of the rattans of the Malay Peninsula. Malayan Forest Recirds 29.</mods:title></mods:titleInfo>
<mods:name>Dransfield, J.</mods:name>
<mods:originInfo><mods:dateIssued>1979</mods:dateIssued>
<mods:publisher>Forest Department, Ministry of Primary Industries, Malaysia</mods:publisher></mods:originInfo>
</mods:mods>
</taxonxHeader>
<taxonxBody>
<treatment type="species">
<nomenclature>
<name>Calamus tanakadatei</name>
<author>Furtado</author>
<citation>Gdns' Bull. Singapore 15 (1956) 225</citation>
</nomenclature>
<div type="introduction"></div>
<div type="etymology">Prof. Hidezo Tanakadate, - who helped protect the Botanic Gardens, Singapore and other Scientific Institutions during the Japanese Occupation</div>
<div type="vernacular">rotan tekok</div>
<div type="description">Solitary or clustering rattan with stems to 20 m tall. Stem without sheaths to 1 cm in diameter, with sheaths to 1.75 cm, with internodes to 20 cm long. All parts drying shiny dirty green to blackish. Sheaths dark green armed with horizontal rough ridges and rarefy with scattered dark green spines to 5 mm long and abundant buff-coloured indumentum between the spines. Knee conspicuous. Ocrea sometimes well developed, to 1 cm high. Flagellum to 1.5 m. Leaf ecirrate to 80 cm long, with no petiole or petiole to 15 cm long; leaflets generally broad and somewhat plicate, rather rarely narrow, 11-18 on each side the longest to 30 cm long by 4 cm wide, &#177; unarmed except for sparse bristles near the tip. Inflorescences male and female superficially similar, to 3 m long with up to 7 partial inflorescences to 30 cm long. Mature fruit not known.</div>
<div type="distribution">Trengganu, Pahang, Selangor, Negri Sembilan, Johore. Endemic.</div>
<div type="biology_ecology"></div>
<div type="conservation"></div>
<div type="uses">Good cane of 7-10 mm size class, but probably too local to be of much significance.</div>
<div type="discussion">Calamus tanakadatei is found predominantly in the south of the Peninsula. It is found in a variety of habitats from near sea-level to about 500 m altitude on steep slopes and gently undulating topography. It apparently avoids swamp forest.
 This species is still not very well known. It is very close to C. holttumii from which however it may be distinguished by the leaves drying shiny dirty green to blackish and the very sparse spines on the leaf sheath.</div>
<div type="materials_examined"></div>
</treatment>
</taxonxBody>
</taxonx>