﻿<taxonx xmlns:dc="http://digir.net/schema/conceptual/darwin/core/2.0" xmlns:mods="http://www.loc.gov/mods/v3" xmlns:xsi="http://www.w3.org/2001/XMLSchema-instance">
<taxonxHeader>
<mods:mods>
<mods:titleInfo><mods:title>A Manual of the rattans of the Malay Peninsula. Malayan Forest Recirds 29.</mods:title></mods:titleInfo>
<mods:name>Dransfield, J.</mods:name>
<mods:originInfo><mods:dateIssued>1979</mods:dateIssued>
<mods:publisher>Forest Department, Ministry of Primary Industries, Malaysia</mods:publisher></mods:originInfo>
</mods:mods>
</taxonxHeader>
<taxonxBody>
<treatment type="species">
<nomenclature>
<name>Calamus longispathus</name>
<author>Ridley</author>
<citation>in Mat., Fl. Mal. Peninsula 2 (1907) 209 (in part)</citation>
<bibref>Beccari, Ann. Roy. Bot. Card. Calcutta 11 (Appendix) (1913) 134</bibref>
<bibref>Ridley in Fl. Mal. Pen. 5 (1925) 63</bibref>
<bibref>Furtado in Gdns' Bull. Singapore 15 (1956) 66</bibref>
</nomenclature>
<div type="introduction"></div>
<div type="etymology"><lang>Lat.</lang>, longa - long, spatha - bract</div>
<div type="vernacular">rotan kunyung</div>
<div type="description">Clustering thicket forming rattan, rarely climbing more than 7 m high. Stem without sheaths 1.5-2 cm in diameter, with to 3.5 cm. Internodes to about 15 cm in length. Leaf sheath grey-green drying straw coloured armed with sparse short triangular, black tipped yellow-based spines and scattered brown indumentum; knee very smooth and rounded, usually scarcely armed. Ocrea conspicuous, brown, tattered, 1 cm high. Leaf diverging at a very acute angle, dark green, subcirrate, to 3 m long. Petiole to 80 cm long spiny along margins only. Leaflets about 25 on each side of the rachis, regular rather distant, the largest about 45 cm long by 3 cm wide, long bristly on the main vein below; rarely a very short cirrus, 20 cm long, produced. Inflorescences male and female superficially similar to 1.25 m long with up to 4 widely spaced partial inflorescences; bracts long, conspicuous, somewhat inflated. Only slightly armed; rachillae with distant, tightly sheathing &#177; horizontal bracteoles. Fruit rather large to 3 cm long by 2 cm in diameter, narrowly to broadly top-shaped, gradually narrowed to the remains of the stigma, covered with 12-13 vertical rows of pale greenish-yellow to yellowish brown scales with black margins. Seed narrowly oval pointed at both ends, deeply pitted to ruminate, to 2 cm long by 1.6 cm. Seedling leaf unknown.</div>
<div type="distribution">Perak, Pahang, Selangor, Trengganu, Negri Sembilan, Malacca, Johore.</div>
<div type="biology_ecology"></div>
<div type="conservation"></div>
<div type="uses">Cane not used; young leaves used by Temuan "Orang Asli" for making cigarette papers.</div>
<div type="discussion">Calamus longispathus is a local rattan, rather uncommon away from the Main Range. It seems to be &#177; confined to ridgetop forest in hill Dipterocarp forest where it forms dense thickets; it has been found on coastal hills at Cape Rachado, but the forest here is floristically similar to hill Dipterocarp forest. The knee on the leaf sheath, the dark green colour of the leaflets, the acute divergence of the leaf, and the large top shaped fruits are all distinctive features. Some sterile material might be confused with Daemonorops leptopus but the latter has petioles yellowish blotched with grey and a long cirrus is almost always well-developed.</div>
<div type="materials_examined"></div>
</treatment>
</taxonxBody>
</taxonx>