﻿<taxonx xmlns:dc="http://digir.net/schema/conceptual/darwin/core/2.0" xmlns:mods="http://www.loc.gov/mods/v3" xmlns:xsi="http://www.w3.org/2001/XMLSchema-instance">
<taxonxHeader>
<mods:mods>
<mods:titleInfo><mods:title>The Rattans of Sarawak</mods:title></mods:titleInfo>
<mods:name>Dransfield, J.</mods:name>
<mods:originInfo><mods:dateIssued>1992</mods:dateIssued>
<mods:publisher>Forest Department Sarawak, Malaysia and Royal Botanic Gardens, Kew, UK</mods:publisher>
</mods:originInfo>
</mods:mods>
</taxonxHeader>
<taxonxBody>
<treatment type="species">
<nomenclature>
<name>Calamus pandanosmus</name>
<author>Furtado</author>
<citation>Gard. Bull. Singapore 15: 217 (1956)</citation>
<bibref>Dransfield, Man. Ratt. Malay Pen. 201 (1979)</bibref>
<bibref>Dransfield, Ratt. Sabah 148 (1984)</bibref>
</nomenclature>
<div type="introduction"></div>
<div type="etymology"><lang>Latin</lang> - smelling of pandan, Pandanus amaryllifolius)</div>
<div type="vernacular">wi banying Selak.</div>
<div type="description">Clustering slender rattan climbing to 15 m; stem without sheaths c. 6 mm diam., with sheaths to c. 10 mm diam., internodes c. 12 cm. All parts drying dark brown. Sheath dark green armed with scattered bulbous swellings, some ending in minute spines, pale brown indumentum also scattered over the sheath surface; knee conspicuous, often with an annular swelling below it; ocrea inconspicuous. Flagellum to 80 cm. Leaf ecirrate and lacking a petiole, the whole to 45 cm, with c. 8 leaflets on each side of the rachis, the terminal pair joined for at least 114 their length, other leaflets somewhat irregularly arranged, leaflets dark green, faintly pandan-scented when crushed, the longest to 25 x 3 cm. Inflorescence to 1 m, with up to 8 curving partial inflorescences, each with curving rachillae. Flowers relatively large, to 4 mm, sweetly fragrant, pollen orange. Mature fruit somewhat oblate, to 17 x 19 mm, covered in 23 vertical rows of pale brown scales. Seed c. 10 mm diam., endosperm deeply ruminate. Seedling leaf not known (Fig. 79).</div>
<div type="distribution">Known from a single population from G Pueh, 1st Division. Elsewhere known from two collections in Sabah, and a few collections from Peninsular Malaysia, S Thailand and Sumatra.</div>
<div type="biology_ecology"></div>
<div type="conservation"></div>
<div type="uses">None known.</div>
<div type="discussion">C. pandanosmus was collected in hill dipterocarp forest on G Pueh at 500 m altitude. The bulbous swellings on the sheath, the form of the leaf and the curious large flowers serve to distinguish it.</div>
<div type="materials_examined"></div>
</treatment>
</taxonxBody>
</taxonx>