﻿<taxonx xmlns:dc="http://digir.net/schema/conceptual/darwin/core/2.0" xmlns:mods="http://www.loc.gov/mods/v3" xmlns:xsi="http://www.w3.org/2001/XMLSchema-instance">
<taxonxHeader>
<mods:mods>
<mods:titleInfo>
<mods:title>The Rattans of Brunei Darussalam</mods:title>
</mods:titleInfo>
<mods:name>Dransfield, J.</mods:name>
<mods:originInfo>
<mods:dateIssued>1997</mods:dateIssued>
<mods:publisher>Ministry of Industry and primary Resources, Brunei Darussalam</mods:publisher>
</mods:originInfo>
</mods:mods>
</taxonxHeader>
<taxonxBody>
<treatment type="species">
<nomenclature>
<name>Calamus kiahii</name>
<author>Furtado</author>
<citation>Gard. Bull. Str. Settlements 8:251 (1935)</citation>
<bibref>Dransfield, Ratt. Sabah 107 (1984)</bibref>
<bibref>Dransfield, Ratt. Sarawak 106 (1992)</bibref>
</nomenclature>
<div type="introduction"></div>
<div type="etymology">Kiah bin Haji Salleh, plant collector in the employ of the Botanic Gardens, Singapore who visited Kinabalu with Furtado in 1932</div>
<div type="vernacular"></div>
<div type="description">Clustering slender to moderate montane rattan climbing to 10 m, rarely more, frequently fertile when still short; stem without sheaths to 10 mm diam., with sheaths to 18 mm, internodes to 12 cm. Sheaths mid-green with sparse to dense scattered broad triangular flattened spines varying from 4-15 mm, fringed with hairs. Leaf cirrate to 2.0 m including the petiole 5-12 cm long and cirrus to 80 cm; leaflets up to c. 12 on each side of the rachis, irregularly arranged in distant groups of 2-4, lanceolate, suddenly mucronate, dark green, distinctly plicate, the largest to 30 &#215; 3.5 cm, with very short marginal teeth. Inflorescence without terminal flagellum, curving, to c. 70 cm, usually less, with up to 8 evenly spaced partial inflorescences, the male more highly branched than the female; bracts tubular, with scabrid surfaces and all with conspicuous ciliate-hairy margins; female rachillae somewhat zigzag to 10 cm; male rachillae to 2 cm. Mature fruit &#177; globose, c. 20 mm diam., with short apical beak to 2 mm, and covered with 18 vertical rows of pale grey to brown scales with darker margins. Seed &#177; globular to laterally somewhat compressed, c. 14 &#215; 10 mm; endosperm deeply ruminate. Seedling leaf not known. (Fig. 37).</div>
<div type="distribution">Montane forest in Ulu Temburong. Elsewhere in Sarawak (G. Mulu) and Sabah. Endemic to Borneo.</div>
<div type="biology_ecology"></div>
<div type="conservation"></div>
<div type="uses">Not known; the cane appears to be of good quality but is rarely very long.</div>
<div type="discussion">C. kiahii is related to C. laevigatus var. laevigatus; from other montane rattans it is easily distinguished as the only moderate to slender montane species of Calamus with cirrate leaves with strongly grouped leaflets. In the sterile state, the rather even armature of the sheaths and the dark green plicate leaflets are distinctive.</div>
<div type="materials_examined">TEM: Amo, Wong 1812.</div>
</treatment>
</taxonxBody>
</taxonx>