﻿<taxonx xmlns:dc="http://digir.net/schema/conceptual/darwin/core/2.0" xmlns:mods="http://www.loc.gov/mods/v3" xmlns:xsi="http://www.w3.org/2001/XMLSchema-instance">
<taxonxHeader>
<mods:mods>
<mods:titleInfo>
<mods:title>The Rattans of Brunei Darussalam</mods:title>
</mods:titleInfo>
<mods:name>Dransfield, J.</mods:name>
<mods:originInfo>
<mods:dateIssued>1997</mods:dateIssued>
<mods:publisher>Ministry of Industry and primary Resources, Brunei Darussalam</mods:publisher>
</mods:originInfo>
</mods:mods>
</taxonxHeader>
<taxonxBody>
<treatment type="species">
<nomenclature>
<name>Calamus muricatus</name>
<author>Becc.</author>
<citation>Nelle Foreste di Borneo 609 (1902)</citation>
<bibref>Beccari, Rec. Bot. Surv. India 2: 203 (1902)</bibref>
<bibref>Beccari, Ann. Roy. Bot. Gard. Calcutta 11: 172 (1908)</bibref>
<bibref>Dransfield, Kew Bull. 36: 791 (1982)</bibref>
<bibref>Dransfield, Ratt. Sabah 156 (1984</bibref>
<bibref>Dransfield, Ratt. Sarawak 173 (1992)</bibref>
<synonomy>
<name>Calamus sphaeruliferus</name>
<author>Becc.</author>
<bibref>Becc., Ann. Roy. Bot. Gard. Calcutta 11 (Suppl.): 11 (1913)</bibref>
</synonomy>
</nomenclature>
<div type="introduction"></div>
<div type="etymology"><lang>Latin</lang> - rough with short hard points</div>
<div type="vernacular">Wi Tunggal (Ib.)</div>
<div type="description">Solitary slender to moderate rattan climbing to 10 m tall; stem without sheaths to 15 mm diam., with sheaths to 25 mm, internodes c. 10 cm long. Sheaths bright green, very densely armed with close wavy circular ridges bearing minute tooth-like prickles and an abundance of broad triangular spines varying from 1-10 mm long, the sheath drying dull brown with a reddish cast; knee conspicuous, armed as the sheath; ocrea inconspicuous, rarely exceeding 5 mm. Flagellum to 3 m. Leaf ecirrate, curving, to 1.1 m including the well developed petiole to 40 cm, armed with triangular spines and ridges near the base; leaflets up to c. 30 on each side of the rachis, regularly arranged, generally curving, to 35 &#215; 2 cm, dark green, armed with rather conspicuous bristles on the 3 main veins on both upper and lower surface and along margins, leaflets drying dull brownish with a reddish cast. Inflorescences to 3 m, with c. 4 partial inflorescences; primary bracts slightly to densely armed as the leaf sheath but with a few flat papery spines at the tip; partial inflorescences generally congested in appearance, rarely exceeding c. 20 cm, with many crowded rachillae; male rachilla to 2 cm, the female to 10 cm; rachilla bracts minutely ridged. Mature fruit rounded, c. 9 mm diam., with a short beak to 1 &#215; 0.8 mm and covered in c. 14 vertical rows of pale brown scales. Seed rounded, c. 5 mm diam.; endosperm deeply ruminate. Seedling leaf not known. (Fig. 64, Pl. 11A).</div>
<div type="distribution">Widespread throughout Brunei. Elsewhere in Sabah, Sarawak and Kalimantan. Endemic to Borneo.</div>
<div type="biology_ecology"></div>
<div type="conservation"></div>
<div type="uses">Not recorded.</div>
<div type="discussion">C. muricatus has been collected in lowland and hill dipterocarp forest; in Brunei it appears to favour forest on poorer soils. There are four flagellate species in Brunei in which the leaf sheaths are conspicuously ridged and spiny. 
C. lambirensis is immediately distinguished by its large flowers and lax inflorescence. C. divaricatus var. divaricatus has opposite, strongly divergent leaflets. There should be no problem in identifying these taxa. Problems are more likely to occur with distinguishing C. zonatus, C. muricatus and C. ruvidus. C. muricatus generally has a well developed petiole and numerous linear leaflets which on drying have a reddish cast; the inflorescence has distinctly congested branches, bracts tipped with papery spines and the endosperm is ruminate. C. zonatus is usually more slender, often lacks a petiole and the rather broader leaflets dry dirty green; the inflorescence has lax branching, the bracts lack papery spines and the endosperm is homogeneous. C. ruvidus is still rather poorly known; it is similar to C. muricatus but much more robust, with much larger inflorescences; the mature fruit is not known but the endosperm is probably homogeneous.</div>
<div type="materials_examined">BEL: Bukit Sawat, Merangking Buau, Coode 7678; Melilas, Bt.Batu Patam, Dransfield J. 6601; Labi, Dransfield J. 6545; Sungai Liang, Andulau F.R, Wong 551; Sungai Liang, Compartment 7, BRUN 15249. TEM: Amo, Stockdale 10; Amo, Stockdale 70; Amo, Belalong, Stockdale 24; Amo, K.Belalong, Dransfield J. 6711; Amo, Kuala Belalong, Stockdale 29; Amo, Kuala Belalong, Stockdale 32; Amo, Ulu Belalong, Ashton BRUN 5239. Without prov.: BRUN 15347.</div>
</treatment>
</taxonxBody>
</taxonx>