﻿<taxonx xmlns:dc="http://digir.net/schema/conceptual/darwin/core/2.0" xmlns:mods="http://www.loc.gov/mods/v3" xmlns:xsi="http://www.w3.org/2001/XMLSchema-instance">
<taxonxHeader>
<mods:mods>
<mods:titleInfo>
<mods:title>The Rattans of Brunei Darussalam</mods:title>
</mods:titleInfo>
<mods:name>Dransfield, J.</mods:name>
<mods:originInfo>
<mods:dateIssued>1997</mods:dateIssued>
<mods:publisher>Ministry of Industry and primary Resources, Brunei Darussalam</mods:publisher>
</mods:originInfo>
</mods:mods>
</taxonxHeader>
<taxonxBody>
<treatment type="species">
<nomenclature>
<name>Calamus semoi</name>
<author>Becc.</author>
<citation>Ann. Roy. Bot. Gard. Calcutta 11 (Suppl.): 129 (1913)</citation>
<bibref>Dransfield, Ratt. Sarawak 116 (1992)</bibref>
</nomenclature>
<div type="introduction"></div>
<div type="etymology">From a local name</div>
<div type="vernacular">Wi tut (Ib.)</div>
<div type="description">Clustering slender rattan climbing to 20 m tall; stem without sheaths c. 8 mm diam., with sheaths c. 12 mm diam., internodes to 18 cm long. Sheaths dull green or grey-green, armed with scattered triangular spines to 10 &#215; 5 mm with conspicuous shaggy-hairy margins, smaller spines and also sometimes with ridges bearing minute spinules, deciduous indumentum present between the spines; knee conspicuous; ocrea scarcely developed. Vestigial flagellum present, to c. 10 cm. Leaf cirrate to 2 m long including petiole to 5 cm and cirrus to 1 m; leaflets c. 30 on each side of the rachis, regularly arranged near the base, somewhat grouped near the tip, the longest to 33 &#215; 1.6 cm, linear, conspicuously bristly on the upper surface, transverse veinlets conspicuous. Young shoots bearing leaves with irregularly grouped leaflets. Inflorescences to 1 m long, usually less, the whole appearing dead; bracts throughout the inflorescence splitting, expanding, tattering, dark brown; male rachillae congested, c. 15 &#215; 2 mm, mostly hidden by subtending bracts; female rachillae curved, c. 40 &#215; 4 mm. Fruit not known. (Fig. 40).</div>
<div type="distribution">Known with certainty only from the 1st Division of Sarawak. The collections from Brunei are similar to a taxon found in the Mulu National Park in Sarawak which has tentatively been identified asC. semoi (see Dransfield 1992). In Brunei this rattan is confined to higher elevations in the Temburong Basin.</div>
<div type="biology_ecology"></div>
<div type="conservation"></div>
<div type="uses">Not recorded.</div>
<div type="discussion">This species belongs to a very perplexing group of species and its relationships with C. pogonacanthus are not yet completely understood.</div>
<div type="materials_examined">TEM: Amo, Bt.Belalong, Dransfield J. 7117; Amo, Bt.Belalong, Wong 1407.</div>
</treatment>
</taxonxBody>
</taxonx>