﻿<taxonx xmlns:dc="http://digir.net/schema/conceptual/darwin/core/2.0" xmlns:mods="http://www.loc.gov/mods/v3" xmlns:xsi="http://www.w3.org/2001/XMLSchema-instance">
<taxonxHeader>
<mods:mods>
<mods:titleInfo><mods:title>A Manual of the rattans of the Malay Peninsula. Malayan Forest Recirds 29.</mods:title></mods:titleInfo>
<mods:name>Dransfield, J.</mods:name>
<mods:originInfo><mods:dateIssued>1979</mods:dateIssued>
<mods:publisher>Forest Department, Ministry of Primary Industries, Malaysia</mods:publisher></mods:originInfo>
</mods:mods>
</taxonxHeader>
<taxonxBody>
<treatment type="species">
<nomenclature>
<name>Calamus speciosissinms</name>
<author>Furtado</author>
<citation>Gdns' Bull. Singapore 15 (1956) 198</citation>
</nomenclature>
<div type="introduction"></div>
<div type="etymology"><lang>Lat.</lang> speciosissimus - very beautiful</div>
<div type="vernacular">rotan sega badak</div>
<div type="description">Clustering moderate sized rattan with stems climbing to 25 m tall. Stem without sheaths to 1.2 cm in diameter, with sheaths to 2.2 cm in diameter, with internodes to 30 cm long, usually shorter on mature stems. All parts drying dull dirty blackish. Sheaths rick dark green variable in armature, varying from unarmed to sparsely armed with dark green spines to 2 cm long to densely armed with bulbous-based reflexed spines to 1 cm long, the bulbous bases frequently confluent. Flagellum to 2 m long. Ocrea inconspicuous. Knee well-developed. Young leaf flushed pinkish. Leaf ecirrate, usually with petiole not exceeding 5 cm, to 1 m in all with up to about 10 broad cucculate dull dark green leaflets on either side, the terminal two slightly joined below, &#177; unarmed, the longest to about 35 cm long by 7 cm wide. Juvenile leaves with straw-coloured petiole spines. Inflorescences male and female superficially similar, to 2 m long bearing up to 12 partial inflorescences to 60 cm long. Partial inflorescences bearing up to 12 rachillae on each side, male rachillae to 4 cm long, female to 10 cm. Ripe fruit rounded, to about 1 cm in diameter very shortly beaked with the stigmatic remains (c. 1 mm high), covered in 15-18 vertical rows of pale dull green scales (drying mid-brown). Seed about 7 mm in diameter, slightly pitted. Endosperm &#177; homogeneous. Seedling leaf bifid.</div>
<div type="distribution">Trengganu, Selangor, Pahang, Johore, Negri Sembilan, Malacca: Endemic.</div>
<div type="biology_ecology"></div>
<div type="conservation"></div>
<div type="uses">Produces a good cane of appearance very similar to that of "rotan sega" - possibly it is mixed with sega in commerce.</div>
<div type="discussion">"Rotan sega badak" is a widespread rattan of lowland forest especially of alluvial forest and fresh water swamp forest. It is occasionally found on dry land near to swamps but has not been found on steep slopes on ridgetops. It has not been found above 200 m altitude.Calamus speciosissimus is a distinctive but rather variable rattan. In particular, the leaf sheath armature can vary from absent to very densely covered with bulbous spines. The pinkish tinged young leaves and the dull dark green colour of all parts turning blackish on drying are very distinctive. In the field it might be confused with C. scipionum but this latter is a much more robust plant with narrower, more numerous leaflets, with abundant grey scales on the leaf sheaths; furthermore young leaves of C. scipionum are never pink-tinged.</div>
<div type="materials_examined"></div>
</treatment>
</taxonxBody>
</taxonx>