﻿<taxonx xmlns:dc="http://digir.net/schema/conceptual/darwin/core/2.0" xmlns:mods="http://www.loc.gov/mods/v3" xmlns:xsi="http://www.w3.org/2001/XMLSchema-instance">
<taxonxHeader>
<mods:mods>
<mods:titleInfo>
<mods:title>The Rattans of Brunei Darussalam</mods:title>
</mods:titleInfo>
<mods:name>Dransfield, J.</mods:name>
<mods:originInfo>
<mods:dateIssued>1997</mods:dateIssued>
<mods:publisher>Ministry of Industry and primary Resources, Brunei Darussalam</mods:publisher>
</mods:originInfo>
</mods:mods>
</taxonxHeader>
<taxonxBody>
<treatment type="species">
<nomenclature>
<name>Calamus javensis</name>
<author>Bl.</author>
<citation>Rumphia 3: 63 (1847)</citation>
<bibref>Beccari, Ann. Roy. Bot. Gard. Calcutta 11: 185 (1908)</bibref>
<bibref>Dransfield, Man. Ratt. Malay Pen. 198 (1979)</bibref>
<bibref>Dransfield, Ratt. Sabah 136 (1984)</bibref>
<bibref>Dransfield, Ratt. Sarawak 153 (1992)</bibref>
<synonomy>
<name>Calamus filiformis</name>
<author>Becc.</author>
<bibref>Becc., Nelle Foreste di Borneo 609 (1902)</bibref>
<bibref>Beccari, Rec. Bot. Surv. India 2: 201 (1902)</bibref>
<bibref>Beccari, Ann. Roy. Bot. Gard. Calcutta 11: 186 (1908)</bibref> 
<name>Calamus javensis var. acicularis</name>
<author>Becc.</author>
<bibref>Becc. Ann. Roy. Bot. Gard. Calcutta 11: 185 (1908)</bibref>
</synonomy>
</nomenclature>
<div type="introduction"></div>
<div type="etymology"><lang>Latin</lang> - of Java</div>
<div type="vernacular">Uwai Peladas (Dus., Br.), Uwai Podos (Dus.), Wi Anak (Ib.), Wi Peladas (Ib.)</div>
<div type="description">Extremely variable slender to very slender clustering rattan forming low thickets or climbing to 10 m or more; stem without sheaths 2-6 mm diam., with to 10 mm diam., internodes to 30 cm long, usually less. Sheaths bright green when fresh, frequently reddish tinged, somewhat striate, unarmed or sparsely to densely armed with horizontal spines to 5 mm; knee present; ocrea moderately conspicuous, to 10 mm, deep crimson when young, tattering with age. Flagellum to 1 m. Leaf ecirrate, very variable in form, in adult leaves always with the terminal pair of leaflets joined together for much of their length; petiole usually absent, rarely to 5 cm in some montane forms; leaflets 4-10 on each side of the rachis, grouped or more rarely subregular, lanceolate to spathulate, the lowermost 1-2 pairs often swept back across the stem, longest leaflets to 20 &#215; 5 cm but usually much less, transverse veinlets conspicuous; young leaves tinged pink. Male and female inflorescences superficially similar with 2-5 partial inflorescences bearingcrimson rachillae &#177; at right angles. Ripe fruit ovoid, c. 12 &#215; 8 mm, with a short beak and covered in 15-21 vertical rows of pale greenish white scales. Seed somewhat angular; endosperm homogeneous. Seedling leaf with 4 broad shiny leaflets. (Fig. 57).</div>
<div type="distribution">Widespread throughout the State. Elsewhere throughout Borneo, Java, Sumatra, Peninsular Malaysia, S. Thailand and Palawan.</div>
<div type="biology_ecology"></div>
<div type="conservation"></div>
<div type="uses">Produces an excellent cane for binding, to make fish traps and carrying baskets.</div>
<div type="discussion">C. javensis occurs in all major forest types except for mangrove, at altitudes from sea level to the tops of mountains. It is extremely polymorphic. The two most distinctive taxa in Brunei related to C. javensis have already been separated at the specific level, viz: C. tenompokensis and C. amplijugus. The other taxa in this complex appear to intergrade.</div>
<div type="materials_examined">BEL: Melilas, Bt.Batu Patam, Dransfield J. 6591. TEM: Johns 6509; Johns 6673A; Amo, Ashton A 289; Amo, Ashton A 487; Amo, Wong 1907; Amo, Bt.Belalong, Dransfield J. 7122; Amo, Bt.Belalong, Dransfield J. 7123; Amo, Bt.Belalong, Wong 1386; Amo, Bt.Retak, Wong 745; Amo, Bt.Retak, Wong 792; Amo, Bt.Retak, Wong 831; Amo, K.Belalong, Dransfield J. 6716; Amo, Kuala Belalong, Stockdale 37; Amo, Ulu Belalong, Dransfield J. 7388. TUT: Lamunin, Kpg.Lamunin, Wong 504; Rambai, Bt.Bahak, Coode 7022; Rambai, Tasek Merimbun, Bernstein 355.</div>
</treatment>
</taxonxBody>
</taxonx>