﻿<taxonx xmlns:dc="http://digir.net/schema/conceptual/darwin/core/2.0" xmlns:mods="http://www.loc.gov/mods/v3" xmlns:xsi="http://www.w3.org/2001/XMLSchema-instance">
<taxonxHeader>
<mods:mods>
<mods:titleInfo>
<mods:title>The Rattans of Brunei Darussalam</mods:title>
</mods:titleInfo>
<mods:name>Dransfield, J.</mods:name>
<mods:originInfo>
<mods:dateIssued>1997</mods:dateIssued>
<mods:publisher>Ministry of Industry and primary Resources, Brunei Darussalam</mods:publisher>
</mods:originInfo>
</mods:mods>
</taxonxHeader>
<taxonxBody>
<treatment type="species">
<nomenclature>
<name>Calamus ornatus Bl. var. ornatus</name>
<author>Bl.</author>
<citation>in J. A. &amp; J. H. Schultes, Syst. Veg. 7(2) 1326 (1830)</citation>
<bibref>Blume, Rumphia 3: 58 (1847)</bibref>
<bibref>Beccari, Ann. Roy. Bot. Gard. Calcutta 11: 368 (1908)</bibref> <bibref>Dransfield, Man. Ratt. Malay Pen. 201 (1979)</bibref>
<bibref>Dransfield, Ratt. Sabah 150 (1984)</bibref>
<bibref>Dransfield, Ratt. Sarawak 163 (1992)</bibref>
</nomenclature>
<div type="introduction"></div>
<div type="etymology"><lang>Latin</lang> - ornamented, elegant</div>
<div type="vernacular">Uwai Kiton (Dus.)</div>
<div type="description">Robust clustering rattan climbing to great heights, to 50 m or more; stem without sheaths to 40 mm diam., with rather prominent nodes and frequently slightly angular in cross section, with sheaths to 70 mm diam., internodes to 30 cm long. Sheaths dark green, armed with large triangular, flattened, yellowish-based black spines to 4 &#215; 1 cm, and scattered dull brown scales; knee conspicuous; ocrea short, quickly tattering. Flagellum massive, to 10 m or more long, dark green, armed with short black, yellowish-based spines. Leaf subcirrate, very robust, to 4 m long including the petiole to 1 m (usually less; leaflets 20-30 on each side of the rachis, usually pale green, regularly arranged, the proximal to 50 &#215; 5 cm increasing to 80 &#215; 8 cm in mid leaf, decreasing to minute at the tip, c. 4 &#215; 0.5 cm, forming a subcirrus, the leaflets drying pale green, not blackish, prickly on the upper surface of the veins near the tip and along the margins. Inflorescences to 8 m long including the long terminal flagellum, bearing 4-6 partial inflorescences to 80 cm, with robust reflexed rachillae in female, and more finely branched in the male. Ripe fruit ellipsoid, to 30 &#215; 20 mm, tipped with a short beak and covered in 15 vertical rows of matt brown to black scales with paler bases. Seed to 20 &#215; 8 mm, rather angular and grooved with one flattened lateral face; sarcotesta sour; endosperm homogeneous. Seedling leaf bifid, shiny green. (Fig. 59).</div>
<div type="distribution">Throughout the lowlands of Brunei, but nowhere very common. Widespread in Borneo, Java, Sumatra, Peninsular Malaysia, S. Thailand, Philippines and Sulawesi, the forms in the last two areas distinct.</div>
<div type="biology_ecology"></div>
<div type="conservation"></div>
<div type="uses">Produces a good quality cane for furniture manufacture; however it does not command the highest prices because the cane is rather uneven in cross-section. Fruits are used to make a sambal.</div>
<div type="discussion">C. ornatus var. ornatus is usually a plant of primary dipterocarp forest on better soils in the lowlands up to c. 1000 m. Unlike C. scipionum, it does not seem to tolerate major disturbance. For differences between the two see under C. scipionum.</div>
<div type="materials_examined">TEM: Amo, Stockdale 71. TUT: Rambai, Tasek Merimbun, Bernstein 274 .</div>
</treatment>
</taxonxBody>
</taxonx>