﻿<taxonx xmlns:dc="http://digir.net/schema/conceptual/darwin/core/2.0" xmlns:mods="http://www.loc.gov/mods/v3" xmlns:xsi="http://www.w3.org/2001/XMLSchema-instance">
<taxonxHeader>
<mods:mods>
<mods:titleInfo><mods:title>The Palms of Madagascar</mods:title></mods:titleInfo>
<mods:name>Dransfield, J and Beentje, H.</mods:name>
<mods:originInfo>
<mods:dateIssued>1995</mods:dateIssued>
<mods:publisher>Royal Botanic Gardens, Kew and The International Palm Society</mods:publisher>
</mods:originInfo>
</mods:mods>
</taxonxHeader>
<taxonxBody>
<treatment type="species">
<nomenclature>
<name>Dypsis acuminum</name>
<author>(Jum.) Beentje &amp; J. Dransf.</author>
<citation>Palms of Madagascar: 211 (1995)</citation>
<synonomy>
<name>Chrysalidocarpus acuminum</name>
<author>Jum.</author>
<first_desc>Jum., Ann. Inst. Bot.-G&#233;ol. Colon. Marseille s&#233;r. 3, 10, 3: 16 (1922)</first_desc>
<bibref>Jumelle, Cat. Pl. Madagascar, Palmae: 7 (1938)</bibref>
<bibref>Jumelle &amp; H. Perrier, Fl. Madagascar 30: 109 (1945)</bibref>
<collection_event>
<locality>Madagascar, Manongarivo</locality>
<type>Perrier 15801</type>
<type_loc>(Holotype P)</type_loc>
</collection_event>
</synonomy>
</nomenclature>
<div type="introduction">A rare species, which may well be the same as D. onilahensis. The Latin name means 'of the peaks'.</div>
<div type="etymology"></div>
<div type="vernacular">Lafaza (Manongarivo).</div>
<div type="description">Solitary, moderate palm. STEMS 4-6 m tall, 8 cm diam.; internodes dark green to greyish, nodal scars forming obvious rings. LEAVES 5-6, arching, 1-1.5 m long; sheath 30-32 cm long, when flattened 8-10 cm wide, adaxially dark reddish purple, abaxially pale brown distally with scattered black scales, waxy, without ligules but with rounded shoulders; petiole 11-16 cm, proximally c. 1.2 x 0.6 cm, distally 0.8-1.3 x 0.6-0.7 cm diam., channelled with sharp edges, red-brown with blackish scales; rachis with dense to scattered blackish scales, in mid-leaf 0.6-1.2 x 0.6-0.7 cm diam.; leaflets regular, c. 30 on each side of the rachis, acuminate, proximal 35- 36 x 0.3-1 cm, median 27-39 x 1.2-1.8 cm (interval 1.5-3 cm), distal 6-30 x 0.3-1.4 cm, main veins 1, glabrous but for 3-4 scattered ramenta. INFLORESCENCE interfoliar at anthesis, infrafoliar in fruit, branched to 1 or 2 orders; peduncle 28-41 cm long, proximally c. 2 x cm, distally 1.2 x 0.6 cm, glabrous; prophyll 30-35 cm long, borne at 6-9 cm above the base of the peduncle, with scattered scales but glabrescent, open for the distal 10 cm; peduncular bract inserted at 18-20 cm from the base of the peduncle, 36-37 cm long, split over its whole length or except for the distal 3-4 cm, beaked for 3-4 cm, with dense but scattered scales; non-tubular peduncular bracts 1-1.3 cm, near the apex of the peduncle; rachis 12-34 cm, with 15-18 unbranched first order branches, in the type with one of the branches bifurcate; rachillae 10-25 cm long, 2.5-4 mm diam., glabrous, with quite dense triads, slightly sunken in pits; rachilla bract c. 2 mm long, acute to acuminate. STAMINATE FLOWERS unknown. PISTILLATE FLOWERS only known from the young fruiting stage, with the sepals 2.8- x 3-4 mm; petals 3.5-5.2 x 4-6 mm; staminodes 0.5-1 mm; gynoecium probably c. 4 mm high. FRUIT ellipsoid, 9-10 x 6-7 mm., rounded at apex; endocarp fibrous, with few anastomations. SEED ellipsoid, 8-8.5 x 5.5-6 mm, the base with a slight bump and a sub-basal depression corresponding to the embryo, the apex rounded; endosperm homogeneous.</div>
<div type="distribution">N Madagascar: Manongarivo and Marojejy Mountains.</div>
<div type="biology_ecology">Montane forest; alt. 700-1900 m.</div>
<div type="conservation">Unknown. Only known from a single recent collection, but it is possible this taxon occurs on more high mountains of the north, most of which are not well known botanically.</div>
<div type="uses">Not recorded.</div>
<div type="discussion">The altitude on the type is indicated as 2000 m, but the highest point in the Manongarivo Mts., Antsatrotro, is 1876 m. This taxon is probably the same as D. onilahensis; only the branching pattern of the inflorescence is distinct, being much less branched in</div>
<div type="materials_examined">Ambanja: Manongarivo, probably Antsatrotro, May 1909 (y.fr.), Perrier 15801 (P, type). Andapa: Marojejy, Feb. 1989 (y.fr.), Miller &amp; Lowry 3941 (P, TAN).</div>
</treatment>
</taxonxBody>
</taxonx>