﻿<taxonx xmlns:dc="http://digir.net/schema/conceptual/darwin/core/2.0" xmlns:mods="http://www.loc.gov/mods/v3" xmlns:xsi="http://www.w3.org/2001/XMLSchema-instance">
<taxonxHeader>
<mods:mods>
<mods:titleInfo><mods:title>A Manual of the Rattans of Andaman and Nicobar Islands</mods:title></mods:titleInfo>
<mods:name>Renuka, C.</mods:name>
<mods:originInfo><mods:dateIssued>1995</mods:dateIssued>
<mods:publisher>Kerala Forest Research Institute, India</mods:publisher>
</mods:originInfo>
</mods:mods>
</taxonxHeader>
<taxonxBody>
<treatment type="species">
<nomenclature>
<name>Calamus pseudorivalis</name>
<author>Becc.</author>
<citation>Ann. Roy. Bot. Card Calcutta. 11: 222., pi. 68. 1908</citation>
<bibref>Renuka and Vijayakumaran, Rheedea 4:139.1994.</bibref>
</nomenclature>
<div type="introduction"></div>
<div type="etymology"></div>
<div type="vernacular"></div>
<div type="description">Clustering, medium diameter rattans. Stem to 30 m long, with sheaths 1-1.25 cm in diameter, without sheaths 0.5-1.3 cm. Leaf 1 m long, ecirrate; sheath green, densely spiny; spines 0.8 cm long, persistent, dimorphic with broad-based, triangular-acute and slender, bristly spines interspersed, the latter shedding off at a later stage; knee present; ocrea not seen; petiole absent; rachis triangular, spiny; leaflets ca. 45 x 2 cm, gradually becoming smaller towards the tip, terminal pair confluent, regular, linear lanceolate spinulose at margin, midvein spiny. Inflorescence, male inflorescence not seen; female inflorescence long flagellate; primary sheath tubular; partial inflorescence to 60 cm long; secondary sheaths tubular; rachilla to 13 cm long; involucre cup shaped: fruiting perianth 0.3 cm long. Fruit ovoid, ca. 1.5 x 1 cm, scales in 21 vertical rows, shiny yellow, turning violet on ripening, deeply channelled in the middle; endosperm not ruminate.</div>
<div type="distribution">Evergreen forests at Great Nicobar. (Map. 7).</div>
<div type="biology_ecology">Flowering November - December. Fruiting April - May.</div>
<div type="conservation"></div>
<div type="uses">Used in furniture industry. Not exploited much.</div>
<div type="discussion">The cane thickness has been found to be highly variable, even within the same clump (PI. 10. A).</div>
<div type="materials_examined">Nicobar, Man s.n (K, Cibachrome); 13th Km., East West Road, Nicobar, 10.4.93, fr. Renuca and Vijayakumaran 7040 (KFRI).</div>
</treatment>
</taxonxBody>
</taxonx>