﻿<taxonx xmlns:dc="http://digir.net/schema/conceptual/darwin/core/2.0" xmlns:mods="http://www.loc.gov/mods/v3" xmlns:xsi="http://www.w3.org/2001/XMLSchema-instance">
<taxonxHeader>
<mods:mods>
<mods:titleInfo>
<mods:title>Calamus longipinna (Arecaceae: Calamoideae) and its relatives in New Guinea</mods:title>
</mods:titleInfo>
<mods:name>William J. Baker and John Dransfield</mods:name>
<mods:originInfo>
<mods:publiher>Kew Bull. 57: 853-866</mods:publiher>
<mods:dateIssued>2002</mods:dateIssued>
</mods:originInfo>
</mods:mods>
</taxonxHeader>
<taxonxBody>
<treatment type="species">
<nomenclature>
<name>Calamus reticulatus</name>
<author>Burre</author>
<citation>J. Arnold Arbor. 20: 195 (1939)</citation>
<collection_event>
<locality>Papua New Guinea, Western Province, Fly River, 528 mile camp.</locality>
<type>Brass 6811</type>
<type_loc>(holotype A; isotypes BM!, BO, BRI)</type_loc>
</collection_event>
</nomenclature>
<div type="introduction"></div>
<div type="etymology"><lang></lang></div>
<div type="vernacular">Unknown.</div>
<div type="diagnosis"></div>
<div type="description">South-west Papua New Guinea (Western and Southern Highlands Provinces, sight records by the first author on the Kikori River in Gulf Province).</div>
<div type="distribution"></div>
<div type="biology_ecology">Restricted to river margins, in sunlit, open vegetation, up to 450 m.</div>
<div type="conservation">Not threatened. Although C. reticulatus is known from a moderately restricted area of New Guinea, it can occur in very great abundance and persist in secondary riverine vegetation.</div>
<div type="uses">Unknown.</div>
<div type="discussion">Calamus reticulatus is a very striking thicket-forming rattan of river-banks. It appears to be an obligate rheophyte, only inhabiting open, sunny areas at river margins where it can grow extremely vigorously, forming vast masses of stem and foliage, which blanket other vegetation. Calamus reticulatus is closely related to C. vestitus, sharing very similar leaf sheath spine and seed morphology. The ocrea, however, is strikingly different. Though tubular like that of C. vestitus, the ocrea of C. reticulatus is composed of a reticulum of fibres which extends well beyond its origin and is stretched around the petiole and flagellum of the leaf sheath above to form a funnel. The ocrea is also armed with numerous needle-like spines. An astonishingly similar ocrea-type can be found in the distantly related rattan genus Korthalsia, K. jalaJ. Dransf. from Borneo. In addition to the ocrea morphology, C. reticulatus can be distinguished from C. vestitus by the more numerous leaflets (56 - 64 each side of rachis in C. reticulatus, 20 - 47 in C. vestitus), and by the longer and more numerous bristles on both surfaces of the leaflets of C. reticulatus. The rheophytic habit of C. reticulatus is also striking; C. vestitus shows no preference for river-banks. Moreover, the known distribution of C. reticulatus is disjunct from that of C. vestitus, being restricted to south-west Papua New Guinea (Map 1).</div>
<div type="materials_examined">PAPUA NEW GUINEA. Southern Highlands Province: Mubi R., Sisibu, across river from Kantobo, Feb. 1996, Baker et al. 644 (K!, LAE!); Mubi R., Mabogo Island, near Gobe Village, Feb. 1996, Baker et al. 650 (K!, LAE!). Western Province: Fly R., 528 mile camp, May 1936, Brass 6811 (A, BM!, BO, BRI); Kiunga, above junction of Fly and Elevala Rs., Sept. 1972, Streiman &amp; Lelean NGF 18410 (BH, K!, L!, LAE).</div>
</treatment>
</taxonxBody>
</taxonx>