﻿<taxonx xmlns:dc="http://digir.net/schema/conceptual/darwin/core/2.0" xmlns:mods="http://www.loc.gov/mods/v3" xmlns:xsi="http://www.w3.org/2001/XMLSchema-instance">
<taxonxHeader>
<mods:mods>
<mods:titleInfo><mods:title>The Palms of Madagascar</mods:title></mods:titleInfo>
<mods:name>Dransfield, J and Beentje, H.</mods:name>
<mods:originInfo>
<mods:dateIssued>1995</mods:dateIssued>
<mods:publisher>Royal Botanic Gardens, Kew and The International Palm Society</mods:publisher>
</mods:originInfo>
</mods:mods>
</taxonxHeader>
<taxonxBody>
<treatment type="species">
<nomenclature>
<name>Dypsis ankaizinensis</name>
<author>(Jum.) Beentje &amp; J. Dransf.</author>
<citation>Palms of Madagascar: 182 (1995)</citation>
<synonomy>
<name>Chrysalidocarpus ankaizinensis</name>
<author>Jum.</author>
<first_desc>Jum., Ann. Inst. Bot.-G&#233;ol. Marseille s&#233;r. 10, 3: 23 (1922)</first_desc>
<bibref>Jumelle, Cat. Pl. Madagascar, Palmae: 8 (1938);</bibref>
<bibref>Jumelle &amp; H. Perrier Fl. Madagascar 30: 119 (1945)</bibref>
<collection_event>
<locality>Madagascar, Tsaratanana</locality>
<type>Perrier 11936</type>
<type_loc>(Holotype P)</type_loc>
</collection_event>
</synonomy>
<synonomy>
<name>Neodypsis lobatus</name>
<author>Jum.</author>
<bibref>Jum., Ann. Inst. Bot.-G&#233;ol. Colon. Marseille s&#233;r. 4, 2 (2): 13 (1924)</bibref>
<bibref>Jumelle, Cat. Pl. Madagascar, Palmae: 18 (1938)</bibref> 
<bibref>Jumelle, &amp; H. Perrier Fl. Madagascar 30: 142 (1945)</bibref>
<collection_event>
<locality>Tsaratanana</locality>
<type></type>
<type_loc>Syntypes: Perrier 16227 (P), 16227bis (P)</type_loc>
</collection_event>
</synonomy>
</nomenclature>
<div type="introduction">Yet another species of which various specimens were housed in different genera. It is still somewhat of a mystery, and it combines characters from several other species, without being quite the same as any of them. The name derives from Ankaizina, the southern foothills of Mt. Tsaratanana.</div>
<div type="etymology"></div>
<div type="vernacular">Laboka, Hovatra, Lavaboka.</div>
<div type="description">Solitary palm. TRUNK 10-15 m high, 15-40 cm diam. LEAVES with sheath very large, green (Perrier), distally with dense dark brown laciniate scales, with square shoulders, not very large, to c. 8.5 cm wide when flat; petiole 2-13 cm long, up to 4 cm diam., flat with sharp margins and with dense dark scales; rachis in mid-leaf 1.3-2.2 cm wide, proximally channelled, distally keeled, with scattered white hairs and reddish glands; leaflets not very stiff, the distal half pendulous, in groups of 2-4 in mid-leaf, the group interval 2.5-5 cm, the leaflet interval 0.2-0.6 cm; proximal 47-132 x 0.6-1.2 cm, median 50-72 x 1.9-2.7 cm, distal 13-33 x 0.5-2.5 cm, main vein 1, margins thickened, sometimes slightly glaucous, pale faint glands scattered on the minor veins, apices bifid, unequally attenuate or acute. INFLORESCENCE interfoliar or infrafoliar, branched to 2 orders, erect or arching; prophyll 25-30 cm long, c. 6.6 cm wide, with scattered scales, borne at 14 cm above the base of the peduncle; peduncular bract 42-70 cm long, c. 10 cm wide, with scattered scales, beaked for 2 cm, opening over its entire length; first order branches with a secondary rachis of 6-18 cm, proximally 1.2-1.8 x 0.4-0.7 cm diam., glabrous, with 6-14 rachillae; rachillae 14-25 cm long, 2.5-4 mm diam., with distant to close slightly sunk triads, rachilla bracts proud, acute. STAMINATE FLOWERS seen as densely packed buds, with sepals 2.7-3.1 x 2.5-3.3 mm; petals 2.5-2.8 x 2.2 mm; stamens 6, uniseriate, filaments c. 1 mm and thin, anthers c. 1.3 x 0.6 mm; pistillode c. 1.8 x 0.5 mm. PISTILLATE FLOWERS not seen, but fruit with persistent sepals 3-3.4 x 3.2-4 mm; petals 4.5-5.2 x 3.5-6 mm; staminodes 0.8-1 mm. FRUIT ellipsoid, 13-17 x 8.5-12 mm (to 25 x 18 mm when fresh), with a rounded apex. SEED ellipsoid, 9.5-15 x 7.5-10 mm, with pointed base and rounded apex; endosperm ruminate, the ruminations distant, 1-2 mm deep.</div>
<div type="distribution">Only known from Mt Tsaratanana.</div>
<div type="biology_ecology">Montane forest, in moist depressions or on ridge crests; 1400-2000 m. Said to be very common.</div>
<div type="conservation">Unknown. Not seen for over seventy years, but the Tsaratanana area has not been visited by botanists for a long time.</div>
<div type="uses">Palm-heart slightly bitter, but edible.</div>
<div type="discussion">Neodypsis lobatus is clearly the same taxon, and comes from the same habitat from the same mountain. Jumelle states that in the palms from ridge crests (16227bis) the stem is twice as short as in the ones from slope forest; so is the sheath. We are uncertain about the affinities of this species. The inflorescence has the look of D. tsaravoasira, but the leaflets are grouped and, in their turn, look more like D. hovomantsina - but the leaf sheath is glabrous. This is one of those species which seem to combine features of several others.</div> 
<div type="materials_examined">Ambanja/Ambilobe/Bealanana: Mt Tsaratanana area, anno 1912 (y.fr.), Perrier 11936 (P, type); idem, April 1924 (fr.), Perrier 16227 (syntype; P); idem, April 1924 (fr.), Perrier 16227bis (syntype; P).</div>
</treatment>
</taxonxBody>
</taxonx>