﻿<taxonx xmlns:dc="http://digir.net/schema/conceptual/darwin/core/2.0" xmlns:mods="http://www.loc.gov/mods/v3" xmlns:xsi="http://www.w3.org/2001/XMLSchema-instance">
<taxonxHeader>
<mods:mods>
<mods:titleInfo><mods:title>The Rattans of Sarawak</mods:title></mods:titleInfo>
<mods:name>Dransfield, J.</mods:name>
<mods:originInfo><mods:dateIssued>1992</mods:dateIssued>
<mods:publisher>Forest Department Sarawak, Malaysia and Royal Botanic Gardens, Kew, UK</mods:publisher>
</mods:originInfo>
</mods:mods>
</taxonxHeader>
<taxonxBody>
<treatment type="species">
<nomenclature>
<name>Calamus lobbianus</name>
<author>Becc.</author>
<citation>in Hooker f., Fl. Br. India 6: 462 (1893)</citation> 
<bibref>Beccari, Ann. Roy. Bot. Gard. Calcutta 11: 482 (1908)</bibref>
<bibref>Dransfield, Man. Ratt. Malay Pen. 190 (1979)</bibref>
<synonomy>
<name>Cornera lobbiana</name>
<author>(Becc.) Furtado</author>
<bibref>(Becc.) Furtado, Gard. Bull. Singapore 14: 521 (1955)</bibref>
</synonomy>
</nomenclature>
<div type="introduction"></div>
<div type="etymology">Named for Thomas Lobb, 1820 - 1894, plant collector</div>
<div type="vernacular">wi tedong (Ib.), wae savitpedun (Pen.)</div>
<div type="description">Solitary stemless or very short-stemmed, moderate rattan. Stem without sheaths c. 20 mm diam., with sheaths to 30 mm diam., internodes to c. 20 mm only. Sheaths dull green, densely armed with slender, long pale green spines varying in length from 5-50 mm, often up ward-pointing, the tips black; knee absent', ocrea absent. Flagellum absent. Petiole to 1m long, armed laterally with pale yellowish-green horizontal spines to 30 mm, rarely more, and much smaller scattered spines; whole leaf ecirrate, to 2 m; leaflets about 20 on each side of the rachis, regularly arranged but rather distant, to 40 x 3 cm, dark green on the upper surface, densely chalky -white beneath, apical leaflets very briefly joined. Inflorescences much shorter than the leaves, rarely more than 40 cm long, zig-zag, with 1-3 partial inflorescences, these appearing to terminate the axis, the true axis appearing as a branch, the tip of the inflorescence enclosed in an empty bract; partial inflorescences composed of very crowded congested branches bearing large flowers (c. 10 mm long). Mature fruit top-shaped or ovoid, conspicuously beaked, c. 3 x 2 cm, covered in 13 - 16 vertical rows of black, highly polished, ungrooved scales; sarcotesta thick, sweet and tasty; endosperm ruminate. Seedling leaf not known (Fig. 61).</div>
<div type="distribution">Rather local in 1st, 2nd and 4th Divisions; also in Peninsular Malaysia.</div>
<div type="biology_ecology"></div>
<div type="conservation"></div>
<div type="uses">The cane is too short to be of value for anything other than walking-sticks; the fruits make good eating.</div>
<div type="discussion">C. lobbianus occurs on hill slopes and ridge tops from 100 - 700 m above sea level. The reasons for its patchy distribution are not obvious. This is an easily recognized species with its very short stems, leaflets densely chalky-white on the undersurface and the curious inflorescences.</div>
<div type="materials_examined"></div>
</treatment>
</taxonxBody>
</taxonx>