﻿<taxonx xmlns:dc="http://digir.net/schema/conceptual/darwin/core/2.0" xmlns:mods="http://www.loc.gov/mods/v3" xmlns:xsi="http://www.w3.org/2001/XMLSchema-instance">
<taxonxHeader>
<mods:mods>
<mods:titleInfo><mods:title>The Rattans of Sarawak</mods:title></mods:titleInfo>
<mods:name>Dransfield, J.</mods:name>
<mods:originInfo><mods:dateIssued>1992</mods:dateIssued>
<mods:publisher>Forest Department Sarawak, Malaysia and Royal Botanic Gardens, Kew, UK</mods:publisher>
</mods:originInfo>
</mods:mods>
</taxonxHeader>
<taxonxBody>
<treatment type="species">
<nomenclature>
<name>Calamus sabalensis</name>
<author>J.Dransf.</author>
<citation>Kew Bull. 45: 83 (1990)</citation>
</nomenclature>
<div type="introduction"></div>
<div type="etymology">Named after Sabal Tapang Forest Reserve</div>
<div type="vernacular"></div>
<div type="description">Clustering stemless rattan, stem subterranean, very short, without sheaths c. 15 mm diam., with sheaths c. 30 mm diam., internodes very short. Sheath splitting opposite the petiole for much of its length, dull mid brown, sparsely armed with dark brown spines c. 3 -15 mm, scattered or in groups of 2 - 4, brown hairs present between the spines; knee absent', ocrea thin, c. 10 cm long, bearing minute spines, scattered or in rows, soon tattering. Flagellum absent. Leaf ecirrate, to c. 2 m long, usually less, including the petiole; petiole to 1.25 m, armed with groups of spines 5 -15 mm long; leaflets regularly arranged, distant, (5 -) 10-15 on each side of the rachis, rather thin, narrow linear-lanceolate, the longest to c. 30 x 1.5 cm, the apical pair c. 20 x 1 cm, armed with very sparse short bristles on 3 nerves on the upper surface and 1 nerve beneath, transverse veinlets conspicuous. Inflorescences to 1.3 m, tending to arch or flop along the forest floor, with 2-5 distant partial inflorescences; prophyll and primary bracts tightly sheathing, armed with scattered spines to 10 mm; male rachillae very short, c. 10 x 1.5 mm bearing strictly distichous male flowers; female rachillae few, distant, c. 70 x 2 mm, bearing distichous flowers; rachilla bracts minutely roughened, brown scaly. Mature fruit rounded, c. 9 mm diam., beaked, covered in 15 vertical rows of red-brown scales. Seed rounded, c. 7 mm diam., slightly flattened on one side; endosperm homogeneous. Seedling leaf not known (Fig. 67).</div>
<div type="distribution">Known only from three collections from Sabal Tapang Forest Reserve, including G Gaharu, in 1st Division. Endemic.</div>
<div type="biology_ecology"></div>
<div type="conservation"></div>
<div type="uses">Not known.</div>
<div type="discussion">C. sabalensis is a stemless palm of kerangas forest at altitudes of 20 - 650 m above sea level. It forms small thickets of leaves in the forest undergrowth. It is probably most closely related to C. bacularis but differs in the clustering stemless habit, the very few leaflets and the armature, and the sparsely branched inflorescence with fewer, more slender rachillae.</div>
<div type="materials_examined"></div>
</treatment>
</taxonxBody>
</taxonx>