﻿<taxonx xmlns:dc="http://digir.net/schema/conceptual/darwin/core/2.0" xmlns:mods="http://www.loc.gov/mods/v3" xmlns:xsi="http://www.w3.org/2001/XMLSchema-instance">
<taxonxHeader>
<mods:mods>
<mods:titleInfo><mods:title>Rattans of the Western Ghats. A Taxonomic Manual.</mods:title></mods:titleInfo>
<mods:name>Renuka, C.</mods:name>
<mods:originInfo>
<mods:dateIssued>1992</mods:dateIssued>
<mods:publisher>Kerala Forest Research Institute</mods:publisher>
</mods:originInfo>
</mods:mods>
</taxonxHeader>
<taxonxBody>
<treatment type="species">
<nomenclature>
<name>Calamus prasinus</name>
<author>Lakshmana &amp; Renuka</author>
<citation>J. Econ. Tax. Bot. 14:719</citation>
</nomenclature>
<div type="introduction"></div>
<div type="etymology"></div>
<div type="vernacular">Kannada: Ontibetha</div>
<div type="description">Solitary, high climbing canes. Stems with sheaths to 3 cm in diameter, without sheaths to 1.2 cm. Sheath pale green, densely armed with spines to 1 cm long-, knee conspicuous. Leaf ecirrate, to 2.5 m long including the petiole; petiole to 30 cm long, biconvex, armed with small prickles, underneath with recurved spines; rachis triangular, underneath with recurved spines, petiole and rachis when cut exudes milky latex; leaflets ca 50 x 2.5 cm, terminal pair united basally, shiny green, underneath with shallow linear pits when fresh, 3- veined, veins ciliate on the upper half, lateral veins ciliate above, midvein ciliate beneath, cilia upto 1 cm long. Inflorescence long, pendulous; primary sheath tightly sheathing, two-keeled, tip lacerate, spiny; partial inflorescence to 18 cm long; secondary sheath unarmed , tubular, tightly sheathing; rachillae to 5 cm long, arched and recurved, arising from just above the mouth of the sheath; involucrophorum stalked, to 3 mm long, attached above the mouth of the sheath; involucre disc shaped. Fruit globose. Scales in 26 rows, deeply channeled along the middle, yellow, shiny, bright green when young. Endosperm ruminate.</div>
<div type="distribution">Evergreen forests at about 530 m. Mangalore Forest Division and Sampaje (Fig. 5).</div>
<div type="biology_ecology">Flowering November-December. Fruiting May-June.</div>
<div type="conservation"></div>
<div type="uses">A good quality cane, used in furniture industry.</div>
<div type="discussion"></div>
<div type="materials_examined">Sampaje, 20.5.88, fr, Renuka 4082 (KFRI); Magunde, 17.3.89, fr.,Renuka 4092 (KFRI).</div>
</treatment>
</taxonxBody>
</taxonx>